Store ID,Online Order Flag
99,TRUE
66,TRUE
65,TRUE
69,TRUE
95,TRUE
80,TRUE
77,FALSE
61,TRUE
95,TRUE
17,TRUE
16,TRUE
82,TRUE
26,FALSE
81,TRUE
85,TRUE
8,TRUE
59,TRUE
49,TRUE
49,TRUE
83,TRUE
20,TRUE
49,TRUE
86,FALSE
63,TRUE
31,TRUE
88,TRUE
51,TRUE
16,TRUE
77,TRUE
83,TRUE
86,TRUE
38,TRUE
53,FALSE
94,TRUE
60,TRUE
77,FALSE
19,TRUE
55,TRUE
60,TRUE
98,TRUE
55,TRUE
90,TRUE
18,FALSE
71,FALSE
52,FALSE
31,TRUE
95,FALSE
6,TRUE
95,TRUE
23,TRUE
53,FALSE
86,TRUE
2,TRUE
85,TRUE
47,TRUE
20,TRUE
71,TRUE
39,TRUE
8,TRUE
18,TRUE
56,TRUE
22,FALSE
48,FALSE
88,TRUE
43,FALSE
24,TRUE
42,TRUE
63,TRUE
32,FALSE
28,FALSE
53,TRUE
22,FALSE
64,TRUE
82,TRUE
10,FALSE
93,FALSE
28,FALSE
90,FALSE
45,TRUE
4,TRUE
25,FALSE
30,FALSE
37,FALSE
74,TRUE
72,FALSE
16,FALSE
1,TRUE
34,TRUE
1,TRUE
79,TRUE
12,FALSE
45,FALSE
24,TRUE
80,TRUE
78,TRUE
27,TRUE
97,TRUE
3,TRUE
11,FALSE
74,TRUE
78,TRUE
7,TRUE
21,TRUE
87,FALSE
10,TRUE
14,FALSE
85,FALSE
56,FALSE
28,FALSE
41,TRUE
79,FALSE
92,TRUE
43,TRUE
14,TRUE
53,TRUE
22,FALSE
61,TRUE
93,TRUE
1,FALSE
64,TRUE
9,FALSE
60,TRUE
39,FALSE
79,TRUE
4,TRUE
67,TRUE
28,FALSE
65,FALSE
7,TRUE
75,FALSE
71,FALSE
31,FALSE
75,FALSE
42,FALSE
67,FALSE
84,FALSE
69,FALSE
31,FALSE
42,TRUE
38,TRUE
28,FALSE
91,FALSE
89,FALSE
54,FALSE
14,TRUE
19,FALSE
8,TRUE
92,FALSE
88,FALSE
2,FALSE
74,FALSE
74,FALSE
29,TRUE
23,FALSE
38,FALSE
12,FALSE
63,FALSE
80,FALSE
30,TRUE
98,TRUE
41,TRUE
8,TRUE
82,TRUE
84,TRUE
80,TRUE
44,FALSE
46,TRUE
29,TRUE
87,TRUE
65,TRUE
32,TRUE
21,FALSE
63,TRUE
72,TRUE
78,TRUE
71,TRUE
11,TRUE
62,FALSE
54,TRUE
9,TRUE
3,TRUE
60,TRUE
74,TRUE
93,TRUE
73,TRUE
48,TRUE
80,TRUE
6,TRUE
67,TRUE
56,TRUE
70,TRUE
52,TRUE
46,TRUE
90,TRUE
83,TRUE
33,TRUE
77,FALSE
53,TRUE
49,TRUE
79,FALSE
87,FALSE
52,FALSE
68,TRUE
32,FALSE
65,TRUE
5,TRUE
77,FALSE
44,TRUE
63,FALSE
51,TRUE
23,FALSE
2,TRUE
6,FALSE
97,TRUE
66,TRUE
85,TRUE
81,TRUE
5,TRUE
52,TRUE
70,TRUE
91,FALSE
41,FALSE
44,FALSE
27,TRUE
77,TRUE
68,FALSE
82,FALSE
14,FALSE
46,TRUE
35,TRUE
58,FALSE
66,TRUE
90,TRUE
8,FALSE
72,FALSE
34,TRUE
85,TRUE
79,FALSE
94,TRUE
79,FALSE
63,FALSE
17,FALSE
47,FALSE
60,FALSE
62,TRUE
51,TRUE
97,FALSE
54,TRUE
90,TRUE
5,TRUE
68,FALSE
13,FALSE
71,FALSE
42,TRUE
34,TRUE
31,FALSE
1,TRUE
1,TRUE
10,TRUE
2,TRUE
14,FALSE
32,TRUE
19,TRUE
56,TRUE
21,TRUE
86,FALSE
69,TRUE
100,TRUE
6,TRUE
36,TRUE
14,TRUE
22,FALSE
36,FALSE
48,FALSE
79,TRUE
3,FALSE
76,FALSE
97,FALSE
86,TRUE
53,FALSE
15,FALSE
53,FALSE
96,FALSE
39,FALSE
100,FALSE
15,FALSE
42,FALSE
39,FALSE
91,FALSE
29,FALSE
47,FALSE
36,FALSE
90,FALSE
51,TRUE
90,TRUE
36,FALSE
6,FALSE
52,TRUE
51,FALSE
3,FALSE
46,TRUE
68,FALSE
99,FALSE
100,FALSE
38,FALSE
41,FALSE
40,FALSE
30,FALSE
53,FALSE
14,TRUE
57,FALSE
36,TRUE
85,TRUE
76,FALSE
21,FALSE
77,TRUE
19,FALSE
23,TRUE
57,FALSE
3,TRUE
35,FALSE
71,TRUE
2,FALSE
99,FALSE
68,FALSE
71,FALSE
92,FALSE
7,FALSE
10,FALSE
38,FALSE
33,TRUE
80,TRUE
97,TRUE
33,TRUE
51,FALSE
17,TRUE
69,FALSE
31,TRUE
49,TRUE
91,FALSE
23,TRUE
24,TRUE
67,FALSE
84,FALSE
18,TRUE
48,TRUE
81,TRUE
3,TRUE
82,TRUE
49,FALSE
1,TRUE
74,FALSE
85,TRUE
86,FALSE
74,FALSE
20,TRUE
9,TRUE
68,FALSE
26,FALSE
46,TRUE
84,TRUE
77,FALSE
5,TRUE
86,TRUE
42,TRUE
38,FALSE
22,TRUE
78,TRUE
62,FALSE
77,TRUE
84,FALSE
51,TRUE
82,TRUE
57,FALSE
34,TRUE
86,TRUE
35,TRUE
29,TRUE
64,TRUE
82,TRUE
20,TRUE
87,TRUE
65,TRUE
28,TRUE
48,FALSE
62,FALSE
31,FALSE
45,TRUE
70,FALSE
8,TRUE
13,TRUE
59,FALSE
100,TRUE
61,TRUE
12,FALSE
89,FALSE
100,FALSE
82,FALSE
52,TRUE
84,FALSE
74,FALSE
12,TRUE
44,TRUE
51,TRUE
89,FALSE
14,TRUE
52,TRUE
55,TRUE
36,FALSE
7,TRUE
58,TRUE
14,TRUE
26,FALSE
57,FALSE
9,TRUE
46,FALSE
30,TRUE
96,FALSE
43,TRUE
39,FALSE
42,FALSE
67,TRUE
21,TRUE
47,FALSE
28,TRUE
14,TRUE
17,FALSE
63,FALSE
4,FALSE
1,TRUE
90,FALSE
80,FALSE
14,FALSE
26,TRUE
60,TRUE
91,FALSE
59,FALSE
71,TRUE
49,TRUE
17,TRUE
40,TRUE
14,TRUE
99,TRUE
69,TRUE
74,FALSE
34,FALSE
92,TRUE
31,TRUE
30,FALSE
10,TRUE
18,FALSE
74,FALSE
81,FALSE
55,FALSE
99,FALSE
51,FALSE
9,TRUE
82,TRUE
60,FALSE
77,FALSE
85,FALSE
90,FALSE
30,TRUE
46,TRUE
9,TRUE
94,FALSE
14,FALSE
4,FALSE
38,TRUE
84,FALSE
63,FALSE
36,FALSE
99,FALSE
94,FALSE
69,FALSE
17,FALSE
1,TRUE
32,FALSE
52,FALSE
13,FALSE
35,FALSE
100,FALSE
65,TRUE
34,FALSE
26,FALSE
61,FALSE
12,FALSE
65,FALSE
2,FALSE
62,TRUE
75,TRUE
1,FALSE
24,TRUE
34,FALSE
44,TRUE
83,TRUE
70,TRUE
83,TRUE
3,TRUE
3,TRUE
51,FALSE
69,FALSE
38,TRUE
63,FALSE
60,TRUE
4,FALSE
42,TRUE
54,TRUE
86,TRUE
35,TRUE
34,TRUE
5,TRUE
38,TRUE
98,TRUE
66,FALSE
95,TRUE
4,TRUE
58,TRUE
49,FALSE
3,TRUE
77,TRUE
49,FALSE
46,TRUE
100,FALSE
26,FALSE
27,TRUE
100,FALSE
33,TRUE
98,TRUE
87,TRUE
8,TRUE
65,TRUE
71,TRUE
31,TRUE
7,TRUE
85,FALSE
93,FALSE
31,TRUE
86,TRUE
79,TRUE
98,FALSE
27,TRUE
64,TRUE
41,TRUE
12,TRUE
59,TRUE
99,FALSE
60,TRUE
61,TRUE
47,FALSE
31,FALSE
85,FALSE
54,TRUE
25,TRUE
82,TRUE
83,FALSE
52,TRUE
41,FALSE
36,FALSE
12,TRUE
59,TRUE
20,FALSE
57,TRUE
83,TRUE
79,FALSE
29,TRUE
3,FALSE
85,TRUE
28,FALSE
5,TRUE
71,TRUE
69,FALSE
54,FALSE
3,FALSE
16,FALSE
50,FALSE
83,FALSE
21,FALSE
6,FALSE
39,TRUE
43,TRUE
31,FALSE
72,FALSE
1,TRUE
28,FALSE
41,FALSE
57,TRUE
15,FALSE
61,TRUE
14,TRUE
29,FALSE
83,TRUE
78,FALSE
16,FALSE
50,FALSE
98,TRUE
76,FALSE
77,TRUE
66,TRUE
74,FALSE
50,FALSE
37,FALSE
95,FALSE
62,FALSE
4,TRUE
31,FALSE
99,TRUE
81,TRUE
59,TRUE
72,TRUE
52,TRUE
71,FALSE
29,FALSE
15,FALSE
83,TRUE
65,FALSE
23,FALSE
59,FALSE
29,FALSE
69,FALSE
88,FALSE
16,TRUE
99,FALSE
22,FALSE
85,TRUE
29,FALSE
91,FALSE
55,TRUE
24,FALSE
37,FALSE
68,FALSE
93,TRUE
38,FALSE
51,FALSE
72,FALSE
88,FALSE
98,FALSE
10,FALSE
24,TRUE
86,TRUE
34,FALSE
39,FALSE
83,FALSE
16,TRUE
16,FALSE
56,FALSE
66,FALSE
15,FALSE
19,FALSE
14,FALSE
79,TRUE
99,TRUE
89,TRUE
100,TRUE
60,FALSE
91,FALSE
96,FALSE
49,FALSE
86,FALSE
94,FALSE
74,FALSE
48,TRUE
10,TRUE
100,FALSE
50,FALSE
48,TRUE
47,TRUE
68,TRUE
59,TRUE
92,TRUE
78,TRUE
12,TRUE
12,FALSE
17,TRUE
51,TRUE
100,TRUE
72,TRUE
74,FALSE
56,TRUE
19,TRUE
75,TRUE
42,FALSE
25,FALSE
49,FALSE
62,FALSE
95,TRUE
38,TRUE
57,TRUE
42,TRUE
27,TRUE
66,TRUE
52,TRUE
71,TRUE
82,TRUE
67,TRUE
94,TRUE
46,TRUE
100,TRUE
17,FALSE
5,TRUE
73,TRUE
47,TRUE
6,TRUE
27,TRUE
53,TRUE
47,TRUE
78,TRUE
73,FALSE
1,FALSE
87,TRUE
97,TRUE
84,TRUE
40,FALSE
69,TRUE
59,TRUE
59,TRUE
90,TRUE
27,TRUE
40,FALSE
93,TRUE
93,FALSE
78,TRUE
22,TRUE
3,TRUE
26,TRUE
13,TRUE
24,TRUE
81,TRUE
59,TRUE
8,TRUE
59,TRUE
21,TRUE
19,FALSE
62,TRUE
4,TRUE
9,TRUE
70,TRUE
82,FALSE
73,FALSE
3,TRUE
89,TRUE
18,TRUE
56,TRUE
32,FALSE
46,TRUE
2,FALSE
66,FALSE
81,FALSE
98,TRUE
84,TRUE
14,TRUE
2,FALSE
52,FALSE
95,TRUE
67,FALSE
52,TRUE
68,TRUE
14,FALSE
13,TRUE
61,TRUE
7,TRUE
53,FALSE
57,FALSE
48,TRUE
98,TRUE
90,TRUE
4,FALSE
68,FALSE
65,TRUE
37,FALSE
23,TRUE
33,FALSE
24,TRUE
91,TRUE
82,TRUE
46,FALSE
16,FALSE
2,TRUE
67,TRUE
21,TRUE
31,FALSE
46,TRUE
7,FALSE
40,FALSE
84,FALSE
32,FALSE
27,TRUE
32,FALSE
23,TRUE
67,TRUE
89,TRUE
36,FALSE
16,FALSE
82,FALSE
49,TRUE
79,FALSE
35,FALSE
43,FALSE
73,FALSE
9,FALSE
56,FALSE
3,FALSE
84,TRUE
45,FALSE
12,FALSE
70,FALSE
4,TRUE
25,FALSE
72,TRUE
25,FALSE
90,TRUE
92,FALSE
45,FALSE
83,FALSE
60,FALSE
58,FALSE
88,FALSE
87,TRUE
74,FALSE
42,FALSE
99,FALSE
63,TRUE
76,FALSE
85,TRUE
51,TRUE
50,FALSE
94,FALSE
18,TRUE
88,FALSE
80,TRUE
95,TRUE
16,FALSE
70,FALSE
83,FALSE
16,TRUE
8,TRUE
99,TRUE
11,FALSE
90,FALSE
70,FALSE
75,FALSE
74,FALSE
50,FALSE
64,FALSE
52,FALSE
35,TRUE
61,FALSE
11,FALSE
87,FALSE
92,FALSE
79,TRUE
22,FALSE
56,TRUE
65,TRUE
26,TRUE
17,TRUE
2,TRUE
5,TRUE
15,TRUE
15,TRUE
6,TRUE
65,TRUE
37,TRUE
23,TRUE
38,TRUE
8,TRUE
86,TRUE
42,TRUE
35,TRUE
26,FALSE
40,TRUE
76,TRUE
10,FALSE
86,TRUE
89,FALSE
9,FALSE
27,TRUE
27,TRUE
18,FALSE
55,TRUE
56,TRUE
56,TRUE
78,FALSE
32,TRUE
40,TRUE
95,FALSE
68,TRUE
53,FALSE
19,FALSE
71,TRUE
43,FALSE
72,TRUE
25,TRUE
22,TRUE
25,FALSE
74,FALSE
81,TRUE
94,FALSE
38,TRUE
69,FALSE
77,FALSE
96,TRUE
64,TRUE
6,FALSE
84,TRUE
86,TRUE
33,FALSE
68,FALSE
15,FALSE
65,TRUE
52,FALSE
100,FALSE
60,TRUE
78,TRUE
59,FALSE
95,TRUE
73,FALSE
83,TRUE
21,FALSE
33,FALSE
94,FALSE
89,FALSE
47,TRUE
47,TRUE
77,TRUE
46,TRUE
32,TRUE
96,TRUE
64,FALSE
69,TRUE
52,FALSE
17,FALSE
4,TRUE
73,TRUE
89,FALSE
69,TRUE
73,TRUE
60,FALSE
27,FALSE
54,FALSE
23,FALSE
57,TRUE
95,TRUE
78,TRUE
45,TRUE
93,FALSE
42,FALSE
14,TRUE
36,FALSE
41,TRUE
92,TRUE
93,FALSE
9,FALSE
93,TRUE
69,TRUE
46,TRUE
11,TRUE
37,FALSE
39,FALSE
21,TRUE
16,TRUE
87,FALSE
94,FALSE
48,TRUE
73,FALSE
7,TRUE
31,TRUE
50,FALSE
62,FALSE
66,FALSE
87,TRUE
88,TRUE
68,FALSE
19,TRUE
37,FALSE
73,TRUE
69,FALSE
50,TRUE
29,FALSE
7,FALSE
41,FALSE
70,FALSE
85,FALSE
11,TRUE
85,FALSE
53,FALSE
9,FALSE
33,FALSE
42,FALSE
28,FALSE
48,FALSE
98,FALSE
34,FALSE
84,FALSE
99,TRUE
12,FALSE
90,FALSE
2,TRUE
69,FALSE
62,TRUE
7,FALSE
74,FALSE
25,TRUE
79,TRUE
86,TRUE
79,TRUE
58,TRUE
31,TRUE
92,TRUE
92,TRUE
13,TRUE
56,TRUE
77,TRUE
29,FALSE
32,TRUE
55,TRUE
49,FALSE
16,TRUE
46,TRUE
18,TRUE
84,TRUE
13,TRUE
95,TRUE
54,TRUE
13,TRUE
32,TRUE
41,TRUE
52,TRUE
95,TRUE
15,FALSE
45,TRUE
69,TRUE
100,TRUE
44,FALSE
85,TRUE
33,FALSE
28,TRUE
11,TRUE
48,FALSE
52,TRUE
87,TRUE
12,FALSE
60,TRUE
72,FALSE
75,FALSE
3,FALSE
35,TRUE
73,TRUE
36,FALSE
28,FALSE
90,FALSE
27,TRUE
44,FALSE
19,TRUE
89,TRUE
94,FALSE
81,TRUE
46,FALSE
41,FALSE
75,FALSE
94,FALSE
57,FALSE
46,FALSE
49,TRUE
77,TRUE
61,FALSE
63,TRUE
29,FALSE
78,TRUE
20,TRUE
50,TRUE
70,TRUE
13,TRUE
37,TRUE
23,FALSE
13,FALSE
94,TRUE
6,FALSE
6,TRUE
42,TRUE
31,FALSE
43,FALSE
47,FALSE
60,FALSE
95,TRUE
74,TRUE
8,TRUE
95,TRUE
98,FALSE
84,FALSE
27,FALSE
29,TRUE
65,FALSE
85,TRUE
36,TRUE
39,FALSE
59,TRUE
10,FALSE
48,TRUE
10,TRUE
5,TRUE
18,FALSE
95,FALSE
39,TRUE
32,TRUE
3,FALSE
20,FALSE
92,FALSE
77,FALSE
91,TRUE
52,TRUE
88,FALSE
87,TRUE
82,FALSE
37,FALSE
17,TRUE
78,FALSE
51,TRUE
54,FALSE
4,FALSE
100,FALSE
6,FALSE
97,FALSE
32,FALSE
64,FALSE
22,FALSE
29,TRUE
77,FALSE
62,FALSE
72,TRUE
38,FALSE
28,FALSE
11,TRUE
72,TRUE
47,FALSE
2,TRUE
13,TRUE
66,TRUE
2,FALSE
86,FALSE
94,TRUE
29,TRUE
87,FALSE
66,TRUE
9,TRUE
7,FALSE
15,FALSE
72,FALSE
95,FALSE
58,TRUE
24,FALSE
14,TRUE
33,TRUE
82,TRUE
70,FALSE
26,FALSE
79,FALSE
81,FALSE
69,FALSE
82,TRUE
26,FALSE
97,TRUE
77,TRUE
29,TRUE
95,TRUE
35,FALSE
86,TRUE
100,TRUE
20,TRUE
91,FALSE
31,TRUE
63,FALSE
23,FALSE
84,TRUE
92,TRUE
64,TRUE
26,TRUE
65,FALSE
31,TRUE
18,FALSE
67,TRUE
70,TRUE
91,TRUE
73,TRUE
65,TRUE
32,TRUE
29,TRUE
1,TRUE
36,FALSE
89,TRUE
53,TRUE
10,FALSE
47,TRUE
21,TRUE
65,TRUE
58,FALSE
19,TRUE
66,TRUE
19,TRUE
74,TRUE
68,FALSE
16,TRUE
66,TRUE
51,TRUE
47,TRUE
13,FALSE
40,FALSE
91,FALSE
81,TRUE
95,FALSE
56,TRUE
100,FALSE
64,TRUE
83,TRUE
34,TRUE
34,FALSE
64,TRUE
62,TRUE
16,FALSE
19,TRUE
96,FALSE
85,TRUE
19,TRUE
26,FALSE
47,FALSE
86,FALSE
54,TRUE
45,TRUE
27,FALSE
23,TRUE
93,TRUE
37,TRUE
28,FALSE
92,TRUE
2,FALSE
4,FALSE
21,FALSE
79,TRUE
56,FALSE
4,FALSE
66,FALSE
34,TRUE
34,FALSE
18,FALSE
9,FALSE
43,TRUE
77,TRUE
43,FALSE
8,FALSE
64,TRUE
65,FALSE
33,FALSE
1,FALSE
79,FALSE
66,FALSE
21,FALSE
61,TRUE
58,TRUE
46,FALSE
72,TRUE
93,FALSE
90,FALSE
23,TRUE
44,TRUE
7,FALSE
38,TRUE
16,FALSE
29,FALSE
4,FALSE
8,TRUE
71,TRUE
61,FALSE
78,TRUE
24,TRUE
93,TRUE
85,FALSE
87,TRUE
55,TRUE
30,FALSE
31,FALSE
43,TRUE
65,TRUE
43,FALSE
28,TRUE
31,FALSE
7,FALSE
33,TRUE
74,TRUE
14,FALSE
85,FALSE
39,FALSE
11,TRUE
22,TRUE
84,TRUE
39,FALSE
49,TRUE
2,FALSE
53,FALSE
69,TRUE
77,FALSE
58,FALSE
45,TRUE
64,TRUE
72,TRUE
47,TRUE
97,FALSE
82,FALSE
24,FALSE
30,FALSE
6,TRUE
46,FALSE
56,FALSE
60,FALSE
91,FALSE
52,FALSE
83,FALSE
78,FALSE
51,TRUE
68,FALSE
98,FALSE
54,TRUE
44,TRUE
26,FALSE
65,TRUE
16,FALSE
78,FALSE
85,FALSE
100,TRUE
92,FALSE
100,FALSE
96,FALSE
41,TRUE
65,TRUE
29,TRUE
79,TRUE
11,FALSE
80,TRUE
4,TRUE
27,FALSE
62,TRUE
51,TRUE
5,TRUE
41,TRUE
26,TRUE
10,FALSE
14,TRUE
96,TRUE
15,TRUE
13,FALSE
64,TRUE
70,TRUE
29,TRUE
61,FALSE
56,TRUE
95,TRUE
26,FALSE
26,FALSE
78,TRUE
35,TRUE
82,TRUE
47,TRUE
1,TRUE
23,TRUE
90,TRUE
37,TRUE
91,TRUE
29,TRUE
15,TRUE
86,TRUE
53,TRUE
32,FALSE
58,TRUE
8,TRUE
35,TRUE
2,FALSE
27,TRUE
16,TRUE
57,TRUE
90,TRUE
49,TRUE
77,TRUE
92,FALSE
40,TRUE
47,TRUE
54,TRUE
30,TRUE
42,TRUE
86,FALSE
33,FALSE
86,TRUE
48,TRUE
4,TRUE
67,FALSE
22,FALSE
68,TRUE
50,TRUE
97,FALSE
36,TRUE
20,TRUE
63,TRUE
97,TRUE
21,TRUE
67,FALSE
52,TRUE
68,FALSE
25,FALSE
21,FALSE
59,FALSE
16,TRUE
1,TRUE
72,TRUE
24,TRUE
17,FALSE
60,FALSE
44,FALSE
53,TRUE
75,TRUE
80,FALSE
64,FALSE
45,TRUE
50,FALSE
92,TRUE
41,TRUE
42,TRUE
13,FALSE
21,FALSE
50,TRUE
50,FALSE
99,TRUE
84,FALSE
53,TRUE
79,FALSE
15,TRUE
54,TRUE
42,FALSE
43,TRUE
69,TRUE
78,TRUE
10,TRUE
34,TRUE
54,TRUE
90,TRUE
44,FALSE
65,FALSE
39,FALSE
89,FALSE
95,FALSE
57,TRUE
74,FALSE
3,TRUE
20,TRUE
83,FALSE
97,TRUE
17,FALSE
75,TRUE
59,TRUE
69,TRUE
31,TRUE
84,TRUE
50,FALSE
17,TRUE
94,FALSE
53,TRUE
1,FALSE
97,FALSE
96,TRUE
81,TRUE
18,FALSE
92,TRUE
2,TRUE
98,FALSE
34,TRUE
84,FALSE
49,FALSE
28,FALSE
5,FALSE
15,FALSE
82,FALSE
100,FALSE
96,FALSE
31,FALSE
88,TRUE
33,TRUE
19,TRUE
59,TRUE
1,FALSE
12,FALSE
98,FALSE
63,FALSE
93,TRUE
40,FALSE
69,FALSE
32,FALSE
48,FALSE
79,FALSE
66,FALSE
28,FALSE
10,FALSE
39,FALSE
25,FALSE
83,FALSE
15,TRUE
76,TRUE
40,TRUE
77,TRUE
63,FALSE
77,TRUE
88,FALSE
52,TRUE
90,TRUE
74,TRUE
83,TRUE
55,TRUE
1,FALSE
65,TRUE
64,TRUE
81,TRUE
41,TRUE
70,TRUE
50,TRUE
17,TRUE
15,TRUE
96,TRUE
74,TRUE
74,TRUE
1,TRUE
37,FALSE
85,FALSE
92,TRUE
67,FALSE
35,TRUE
93,TRUE
65,TRUE
25,TRUE
59,TRUE
31,TRUE
48,TRUE
79,TRUE
80,TRUE
95,TRUE
93,TRUE
55,TRUE
83,FALSE
6,TRUE
2,TRUE
96,FALSE
100,FALSE
52,TRUE
72,TRUE
9,TRUE
91,FALSE
6,FALSE
18,FALSE
84,TRUE
18,TRUE
75,TRUE
60,FALSE
70,FALSE
66,TRUE
89,TRUE
52,TRUE
24,FALSE
43,TRUE
77,TRUE
50,TRUE
62,TRUE
65,TRUE
32,FALSE
79,FALSE
53,FALSE
51,TRUE
73,TRUE
59,TRUE
93,TRUE
98,TRUE
92,TRUE
33,FALSE
32,FALSE
56,TRUE
59,FALSE
66,FALSE
17,TRUE
27,FALSE
74,FALSE
48,TRUE
31,TRUE
97,TRUE
85,TRUE
20,FALSE
98,TRUE
62,TRUE
19,FALSE
66,TRUE
57,TRUE
52,FALSE
15,FALSE
2,TRUE
89,FALSE
53,TRUE
30,TRUE
16,FALSE
77,FALSE
86,TRUE
46,FALSE
6,FALSE
28,TRUE
25,TRUE
51,FALSE
75,FALSE
18,FALSE
57,TRUE
58,FALSE
63,TRUE
36,TRUE
86,FALSE
46,FALSE
94,TRUE
82,TRUE
72,TRUE
65,FALSE
82,TRUE
40,TRUE
96,TRUE
81,TRUE
43,TRUE
92,FALSE
29,FALSE
97,TRUE
23,FALSE
40,FALSE
26,TRUE
82,TRUE
36,TRUE
76,TRUE
11,FALSE
33,FALSE
73,TRUE
54,TRUE
62,FALSE
38,FALSE
60,FALSE
93,FALSE
23,TRUE
18,TRUE
41,FALSE
17,FALSE
77,FALSE
92,FALSE
63,TRUE
3,TRUE
64,FALSE
2,FALSE
53,FALSE
73,TRUE
20,TRUE
3,FALSE
33,FALSE
98,TRUE
56,TRUE
7,FALSE
90,FALSE
26,TRUE
48,TRUE
44,FALSE
8,FALSE
75,FALSE
87,FALSE
41,FALSE
50,TRUE
6,FALSE
61,FALSE
100,FALSE
79,TRUE
67,FALSE
46,TRUE
13,FALSE
1,TRUE
70,FALSE
35,FALSE
92,TRUE
42,TRUE
82,TRUE
27,TRUE
61,TRUE
26,TRUE
72,TRUE
40,TRUE
34,TRUE
52,FALSE
45,TRUE
1,TRUE
19,TRUE
82,FALSE
6,FALSE
12,TRUE
81,TRUE
86,TRUE
22,TRUE
10,TRUE
5,TRUE
5,TRUE
28,TRUE
100,TRUE
99,TRUE
76,TRUE
40,TRUE
28,FALSE
13,FALSE
26,TRUE
68,TRUE
39,TRUE
88,TRUE
97,TRUE
77,FALSE
57,TRUE
33,TRUE
72,FALSE
33,TRUE
100,TRUE
56,TRUE
89,TRUE
95,TRUE
59,FALSE
46,TRUE
76,TRUE
89,TRUE
15,FALSE
83,TRUE
47,TRUE
88,TRUE
89,TRUE
80,TRUE
83,TRUE
20,TRUE
54,TRUE
37,TRUE
60,TRUE
98,TRUE
42,TRUE
80,TRUE
61,TRUE
62,FALSE
68,FALSE
63,FALSE
17,TRUE
11,TRUE
27,TRUE
27,FALSE
63,TRUE
23,FALSE
43,TRUE
79,FALSE
69,TRUE
98,FALSE
86,TRUE
19,TRUE
99,TRUE
48,FALSE
39,TRUE
7,FALSE
95,TRUE
51,FALSE
34,TRUE
75,FALSE
45,TRUE
42,FALSE
78,TRUE
63,TRUE
89,FALSE
30,FALSE
71,FALSE
52,TRUE
30,TRUE
67,TRUE
29,FALSE
27,TRUE
30,FALSE
97,FALSE
34,TRUE
50,FALSE
19,TRUE
55,FALSE
72,FALSE
88,TRUE
72,FALSE
62,FALSE
26,TRUE
93,FALSE
12,TRUE
46,FALSE
87,FALSE
5,FALSE
61,FALSE
14,FALSE
81,TRUE
92,TRUE
77,FALSE
95,TRUE
67,TRUE
27,FALSE
18,TRUE
72,TRUE
97,FALSE
60,FALSE
59,FALSE
88,FALSE
52,FALSE
56,FALSE
14,FALSE
79,FALSE
22,FALSE
53,FALSE
29,TRUE
86,FALSE
50,FALSE
43,TRUE
38,FALSE
47,FALSE
50,FALSE
29,FALSE
72,FALSE
2,TRUE
22,FALSE
54,FALSE
31,FALSE
30,TRUE
96,TRUE
49,FALSE
48,TRUE
26,TRUE
39,FALSE
52,TRUE
7,TRUE
91,FALSE
67,TRUE
48,TRUE
40,TRUE
37,TRUE
57,TRUE
62,FALSE
67,TRUE
7,TRUE
100,TRUE
64,TRUE
38,FALSE
97,TRUE
1,TRUE
8,TRUE
46,TRUE
86,FALSE
77,TRUE
4,TRUE
97,TRUE
72,TRUE
34,TRUE
46,TRUE
34,FALSE
56,FALSE
8,TRUE
37,TRUE
53,TRUE
5,TRUE
47,FALSE
86,TRUE
94,TRUE
59,TRUE
87,FALSE
15,TRUE
13,TRUE
97,TRUE
83,FALSE
32,TRUE
30,TRUE
3,TRUE
97,TRUE
24,TRUE
32,FALSE
51,TRUE
6,FALSE
82,FALSE
84,TRUE
34,TRUE
59,TRUE
23,TRUE
74,FALSE
52,TRUE
74,TRUE
54,FALSE
66,TRUE
71,TRUE
66,FALSE
96,TRUE
17,TRUE
7,TRUE
57,TRUE
59,TRUE
27,TRUE
35,FALSE
43,TRUE
74,FALSE
94,FALSE
35,TRUE
13,TRUE
73,TRUE
95,TRUE
35,TRUE
73,TRUE
32,FALSE
16,TRUE
40,TRUE
1,FALSE
46,FALSE
64,FALSE
93,FALSE
53,TRUE
72,FALSE
38,FALSE
55,TRUE
27,FALSE
72,TRUE
91,FALSE
62,FALSE
67,TRUE
60,TRUE
32,TRUE
63,FALSE
71,FALSE
67,TRUE
24,TRUE
78,TRUE
12,TRUE
31,TRUE
18,FALSE
39,TRUE
21,FALSE
95,TRUE
60,FALSE
52,TRUE
26,FALSE
62,FALSE
36,FALSE
43,TRUE
78,TRUE
16,FALSE
87,FALSE
23,TRUE
25,TRUE
14,FALSE
78,FALSE
40,TRUE
36,TRUE
21,TRUE
31,TRUE
20,FALSE
96,FALSE
4,TRUE
91,TRUE
76,FALSE
25,FALSE
1,TRUE
36,TRUE
98,TRUE
37,FALSE
34,FALSE
99,FALSE
57,FALSE
27,FALSE
28,FALSE
26,FALSE
7,TRUE
66,FALSE
3,FALSE
9,FALSE
90,TRUE
14,FALSE
68,TRUE
51,FALSE
51,FALSE
29,FALSE
90,FALSE
60,FALSE
28,FALSE
78,TRUE
63,TRUE
3,FALSE
24,TRUE
86,FALSE
63,FALSE
56,FALSE
52,FALSE
61,FALSE
98,FALSE
39,TRUE
100,FALSE
98,FALSE
41,TRUE
41,FALSE
50,FALSE
83,TRUE
77,TRUE
100,TRUE
75,TRUE
92,TRUE
25,FALSE
45,TRUE
36,TRUE
89,FALSE
56,TRUE
17,TRUE
89,TRUE
84,TRUE
89,TRUE
10,FALSE
95,FALSE
94,TRUE
39,TRUE
18,FALSE
99,TRUE
97,FALSE
4,TRUE
40,FALSE
62,TRUE
25,TRUE
74,TRUE
55,TRUE
65,TRUE
83,TRUE
80,TRUE
21,TRUE
72,TRUE
88,TRUE
16,FALSE
99,TRUE
58,TRUE
63,TRUE
60,FALSE
59,TRUE
57,TRUE
57,TRUE
66,TRUE
54,TRUE
27,TRUE
64,TRUE
31,TRUE
9,TRUE
22,TRUE
46,FALSE
6,TRUE
96,TRUE
86,FALSE
65,TRUE
66,FALSE
18,TRUE
52,TRUE
44,TRUE
80,TRUE
27,TRUE
34,TRUE
97,TRUE
16,FALSE
25,FALSE
3,FALSE
10,TRUE
39,TRUE
36,TRUE
76,TRUE
36,FALSE
43,TRUE
84,TRUE
10,TRUE
64,TRUE
95,FALSE
62,TRUE
74,FALSE
54,TRUE
83,TRUE
82,FALSE
39,TRUE
49,TRUE
76,TRUE
56,FALSE
8,TRUE
39,TRUE
31,TRUE
7,FALSE
75,FALSE
8,TRUE
37,FALSE
100,TRUE
84,TRUE
87,TRUE
18,TRUE
7,TRUE
58,FALSE
38,FALSE
64,TRUE
78,FALSE
12,TRUE
57,FALSE
37,TRUE
20,FALSE
54,FALSE
99,TRUE
1,TRUE
62,FALSE
67,FALSE
88,FALSE
64,TRUE
98,FALSE
67,TRUE
15,TRUE
33,FALSE
13,FALSE
57,TRUE
29,FALSE
25,FALSE
68,TRUE
92,TRUE
89,FALSE
79,TRUE
86,FALSE
26,FALSE
82,TRUE
93,TRUE
42,TRUE
89,FALSE
75,TRUE
45,FALSE
7,FALSE
9,TRUE
96,FALSE
60,FALSE
92,TRUE
56,FALSE
99,TRUE
31,FALSE
46,FALSE
54,FALSE
87,TRUE
8,FALSE
3,TRUE
45,FALSE
54,FALSE
10,FALSE
14,FALSE
79,FALSE
52,FALSE
44,FALSE
85,FALSE
16,TRUE
12,TRUE
24,FALSE
44,FALSE
27,FALSE
58,FALSE
79,FALSE
46,TRUE
27,FALSE
14,FALSE
46,FALSE
12,FALSE
67,TRUE
4,TRUE
38,FALSE
57,FALSE
44,TRUE
75,TRUE
96,FALSE
84,TRUE
29,TRUE
93,TRUE
37,TRUE
66,FALSE
32,TRUE
27,TRUE
31,TRUE
19,TRUE
100,TRUE
83,TRUE
21,TRUE
16,TRUE
18,TRUE
21,TRUE
78,TRUE
2,FALSE
5,FALSE
4,TRUE
85,TRUE
75,TRUE
70,TRUE
56,TRUE
86,TRUE
21,TRUE
88,TRUE
70,FALSE
68,TRUE
42,FALSE
24,FALSE
44,TRUE
81,TRUE
15,TRUE
46,TRUE
90,TRUE
100,TRUE
3,FALSE
73,FALSE
47,FALSE
32,TRUE
86,FALSE
96,TRUE
100,TRUE
99,FALSE
30,TRUE
58,TRUE
70,FALSE
58,TRUE
17,TRUE
77,TRUE
49,TRUE
80,TRUE
35,TRUE
75,TRUE
68,FALSE
88,TRUE
13,TRUE
17,FALSE
41,FALSE
56,TRUE
2,TRUE
65,TRUE
89,TRUE
1,FALSE
17,FALSE
71,TRUE
89,TRUE
55,FALSE
8,FALSE
82,TRUE
35,FALSE
69,FALSE
3,FALSE
82,FALSE
61,FALSE
37,TRUE
26,TRUE
36,FALSE
25,TRUE
21,FALSE
5,TRUE
56,TRUE
57,FALSE
37,FALSE
16,FALSE
67,FALSE
17,TRUE
82,FALSE
56,TRUE
46,FALSE
20,FALSE
67,FALSE
29,TRUE
40,TRUE
27,FALSE
95,TRUE
44,FALSE
55,TRUE
84,TRUE
88,TRUE
99,FALSE
36,FALSE
100,FALSE
28,TRUE
40,TRUE
80,FALSE
87,FALSE
11,FALSE
78,TRUE
71,FALSE
9,FALSE
94,TRUE
37,FALSE
59,FALSE
44,TRUE
48,FALSE
14,FALSE
54,FALSE
58,FALSE
64,TRUE
61,TRUE
42,FALSE
31,FALSE
79,TRUE
81,TRUE
28,FALSE
5,FALSE
90,FALSE
7,TRUE
92,FALSE
45,TRUE
44,FALSE
2,FALSE
60,FALSE
10,FALSE
28,FALSE
43,FALSE
81,FALSE
78,TRUE
83,FALSE
43,FALSE
57,TRUE
30,FALSE
83,TRUE
61,FALSE
62,FALSE
58,FALSE
84,FALSE
74,FALSE
72,FALSE
50,FALSE
90,FALSE
82,FALSE
15,FALSE
72,FALSE
51,TRUE
20,FALSE
61,FALSE
59,FALSE
75,TRUE
56,TRUE
8,TRUE
7,FALSE
74,FALSE
40,FALSE
94,FALSE
65,TRUE
79,FALSE
81,FALSE
80,FALSE
13,FALSE
69,FALSE
22,TRUE
36,FALSE
33,FALSE
80,FALSE
32,FALSE
66,FALSE
99,TRUE
30,TRUE
12,TRUE
79,TRUE
61,TRUE
44,FALSE
43,TRUE
4,TRUE
92,TRUE
10,FALSE
72,TRUE
65,TRUE
7,TRUE
4,TRUE
41,TRUE
19,TRUE
71,TRUE
56,TRUE
72,TRUE
31,TRUE
77,TRUE
15,TRUE
42,TRUE
8,TRUE
40,FALSE
5,FALSE
93,TRUE
24,FALSE
17,FALSE
73,TRUE
33,FALSE
58,FALSE
4,TRUE
24,TRUE
60,TRUE
52,TRUE
6,TRUE
16,TRUE
48,TRUE
37,TRUE
36,TRUE
85,FALSE
46,TRUE
21,TRUE
50,TRUE
69,TRUE
98,FALSE
99,TRUE
34,FALSE
22,TRUE
68,FALSE
37,TRUE
47,FALSE
80,TRUE
23,TRUE
67,TRUE
74,TRUE
73,TRUE
56,FALSE
70,FALSE
88,TRUE
2,FALSE
78,TRUE
40,TRUE
5,TRUE
93,TRUE
23,FALSE
79,FALSE
71,TRUE
65,TRUE
20,FALSE
12,FALSE
51,FALSE
89,FALSE
77,TRUE
42,TRUE
64,TRUE
44,TRUE
33,TRUE
37,FALSE
19,TRUE
9,FALSE
12,TRUE
81,FALSE
75,TRUE
95,FALSE
29,TRUE
73,TRUE
44,TRUE
82,FALSE
11,FALSE
47,FALSE
25,FALSE
83,TRUE
64,TRUE
78,TRUE
20,FALSE
27,TRUE
13,TRUE
86,TRUE
50,TRUE
98,FALSE
40,TRUE
3,FALSE
97,TRUE
79,TRUE
10,TRUE
34,FALSE
7,TRUE
24,FALSE
85,FALSE
98,FALSE
28,TRUE
65,TRUE
94,FALSE
60,FALSE
43,FALSE
2,TRUE
37,TRUE
37,TRUE
38,FALSE
34,TRUE
69,TRUE
27,FALSE
94,FALSE
8,FALSE
99,TRUE
14,TRUE
14,FALSE
12,FALSE
99,TRUE
16,TRUE
87,FALSE
99,FALSE
28,TRUE
16,FALSE
56,FALSE
9,FALSE
88,FALSE
71,FALSE
56,TRUE
46,TRUE
93,FALSE
31,TRUE
98,TRUE
59,FALSE
48,TRUE
41,TRUE
21,TRUE
52,TRUE
34,TRUE
33,FALSE
34,FALSE
52,FALSE
38,TRUE
31,FALSE
56,FALSE
71,FALSE
31,FALSE
94,TRUE
4,FALSE
89,FALSE
81,FALSE
16,FALSE
80,FALSE
28,FALSE
94,FALSE
14,FALSE
16,TRUE
80,TRUE
57,TRUE
29,TRUE
52,TRUE
12,FALSE
25,TRUE
24,FALSE
33,FALSE
93,FALSE
84,FALSE
29,TRUE
8,FALSE
3,TRUE
76,TRUE
25,FALSE
61,TRUE
34,TRUE
23,TRUE
57,TRUE
69,FALSE
40,TRUE
78,TRUE
18,FALSE
74,FALSE
98,TRUE
31,TRUE
8,FALSE
4,TRUE
11,TRUE
72,TRUE
61,TRUE
47,TRUE
71,TRUE
9,TRUE
32,TRUE
69,TRUE
53,TRUE
90,FALSE
45,TRUE
5,FALSE
87,FALSE
83,TRUE
66,TRUE
71,TRUE
55,TRUE
51,FALSE
26,TRUE
92,FALSE
23,TRUE
69,TRUE
97,TRUE
65,TRUE
13,FALSE
29,FALSE
72,TRUE
65,TRUE
26,TRUE
84,TRUE
44,TRUE
91,TRUE
96,TRUE
50,FALSE
62,TRUE
3,FALSE
13,TRUE
13,FALSE
15,TRUE
21,TRUE
91,TRUE
34,FALSE
46,FALSE
63,TRUE
46,FALSE
50,TRUE
67,TRUE
57,TRUE
75,FALSE
77,FALSE
14,FALSE
58,TRUE
23,FALSE
61,FALSE
36,FALSE
28,TRUE
68,FALSE
47,TRUE
24,TRUE
54,TRUE
8,TRUE
18,TRUE
32,TRUE
1,TRUE
42,TRUE
38,TRUE
78,FALSE
22,FALSE
52,TRUE
55,TRUE
77,FALSE
30,TRUE
94,FALSE
73,TRUE
10,TRUE
16,TRUE
37,FALSE
54,TRUE
62,TRUE
93,TRUE
75,TRUE
83,FALSE
19,TRUE
48,TRUE
60,FALSE
63,TRUE
26,FALSE
57,FALSE
76,TRUE
47,TRUE
51,FALSE
76,TRUE
22,FALSE
4,TRUE
23,TRUE
89,FALSE
52,FALSE
88,TRUE
71,TRUE
89,TRUE
85,FALSE
17,TRUE
10,TRUE
95,FALSE
2,FALSE
90,FALSE
20,TRUE
3,TRUE
20,FALSE
15,FALSE
83,FALSE
41,FALSE
33,TRUE
29,FALSE
47,FALSE
91,FALSE
67,FALSE
57,FALSE
18,FALSE
31,TRUE
55,TRUE
65,TRUE
85,FALSE
77,TRUE
54,FALSE
44,FALSE
16,FALSE
73,FALSE
43,FALSE
3,TRUE
53,FALSE
22,TRUE
11,TRUE
78,FALSE
25,FALSE
51,TRUE
83,FALSE
45,TRUE
58,FALSE
96,TRUE
15,TRUE
67,TRUE
11,TRUE
80,TRUE
53,TRUE
68,TRUE
39,FALSE
93,TRUE
15,TRUE
22,FALSE
15,TRUE
41,TRUE
99,TRUE
8,TRUE
36,TRUE
63,TRUE
83,TRUE
5,FALSE
18,TRUE
12,TRUE
81,TRUE
10,TRUE
64,TRUE
41,FALSE
99,TRUE
89,TRUE
90,FALSE
47,TRUE
99,FALSE
98,FALSE
4,TRUE
54,TRUE
26,TRUE
40,TRUE
42,TRUE
51,TRUE
40,TRUE
91,TRUE
15,TRUE
45,FALSE
10,FALSE
89,TRUE
26,TRUE
41,TRUE
28,FALSE
95,FALSE
72,FALSE
23,TRUE
17,FALSE
95,FALSE
23,TRUE
18,TRUE
79,TRUE
98,TRUE
100,TRUE
56,TRUE
8,FALSE
69,FALSE
81,FALSE
67,FALSE
10,TRUE
28,TRUE
55,TRUE
45,FALSE
48,TRUE
16,FALSE
15,FALSE
20,FALSE
19,FALSE
93,TRUE
56,TRUE
96,TRUE
41,FALSE
23,FALSE
13,TRUE
77,FALSE
37,TRUE
47,FALSE
41,FALSE
46,TRUE
25,FALSE
7,TRUE
28,FALSE
74,TRUE
26,TRUE
9,TRUE
73,TRUE
78,FALSE
73,FALSE
93,FALSE
70,FALSE
27,FALSE
12,FALSE
79,FALSE
18,TRUE
21,FALSE
99,TRUE
52,TRUE
8,TRUE
16,TRUE
34,FALSE
66,FALSE
93,FALSE
78,FALSE
11,TRUE
98,TRUE
28,TRUE
74,TRUE
6,TRUE
14,FALSE
59,TRUE
4,FALSE
36,TRUE
68,TRUE
24,FALSE
48,FALSE
76,TRUE
23,TRUE
70,TRUE
70,TRUE
89,FALSE
97,TRUE
71,FALSE
37,FALSE
56,TRUE
64,TRUE
98,FALSE
93,FALSE
53,FALSE
46,FALSE
18,FALSE
66,FALSE
52,FALSE
58,FALSE
22,TRUE
25,TRUE
39,TRUE
9,TRUE
64,FALSE
58,FALSE
32,FALSE
48,FALSE
72,TRUE
17,FALSE
6,TRUE
80,FALSE
16,FALSE
63,FALSE
95,FALSE
46,FALSE
90,FALSE
49,FALSE
57,FALSE
1,FALSE
10,TRUE
94,TRUE
61,FALSE
9,FALSE
50,FALSE
90,FALSE
32,FALSE
92,FALSE
63,FALSE
51,FALSE
80,FALSE
98,FALSE
24,FALSE
48,FALSE
77,FALSE
24,FALSE
25,FALSE
30,TRUE
7,TRUE
73,FALSE
88,TRUE
21,TRUE
43,FALSE
20,FALSE
39,TRUE
68,TRUE
10,TRUE
2,TRUE
44,FALSE
12,FALSE
7,TRUE
20,TRUE
77,TRUE
63,FALSE
79,TRUE
47,TRUE
65,TRUE
69,TRUE
81,TRUE
16,TRUE
14,TRUE
2,TRUE
95,TRUE
63,TRUE
88,TRUE
9,FALSE
52,TRUE
37,TRUE
74,FALSE
88,TRUE
12,TRUE
81,TRUE
57,TRUE
58,TRUE
23,TRUE
84,TRUE
35,TRUE
79,TRUE
52,TRUE
60,FALSE
7,FALSE
72,TRUE
75,FALSE
42,TRUE
88,FALSE
20,FALSE
4,FALSE
99,FALSE
72,TRUE
49,TRUE
27,TRUE
97,TRUE
68,TRUE
71,TRUE
41,TRUE
8,TRUE
71,TRUE
94,TRUE
29,FALSE
58,TRUE
95,FALSE
79,FALSE
95,FALSE
70,FALSE
51,TRUE
98,TRUE
57,TRUE
12,TRUE
81,TRUE
27,TRUE
33,TRUE
11,FALSE
96,FALSE
33,TRUE
36,FALSE
99,FALSE
88,TRUE
91,TRUE
90,FALSE
22,TRUE
57,FALSE
33,TRUE
61,FALSE
69,TRUE
19,TRUE
12,TRUE
61,TRUE
85,FALSE
70,TRUE
45,FALSE
70,FALSE
14,FALSE
41,FALSE
6,FALSE
74,FALSE
48,TRUE
44,FALSE
26,TRUE
61,TRUE
28,FALSE
12,FALSE
80,TRUE
12,FALSE
83,FALSE
40,FALSE
8,TRUE
1,FALSE
75,TRUE
26,FALSE
47,FALSE
29,FALSE
2,FALSE
26,TRUE
65,TRUE
98,TRUE
55,FALSE
99,FALSE
47,TRUE
25,FALSE
67,TRUE
73,FALSE
46,FALSE
87,TRUE
25,TRUE
93,FALSE
9,TRUE
54,TRUE
53,TRUE
33,TRUE
93,FALSE
95,TRUE
10,TRUE
79,TRUE
87,FALSE
66,TRUE
69,TRUE
75,TRUE
24,FALSE
18,FALSE
83,FALSE
70,FALSE
52,FALSE
13,TRUE
84,FALSE
13,TRUE
42,FALSE
61,FALSE
51,FALSE
84,TRUE
85,TRUE
20,FALSE
52,FALSE
95,TRUE
52,TRUE
22,TRUE
68,TRUE
97,FALSE
98,TRUE
99,FALSE
40,TRUE
17,FALSE
59,FALSE
58,FALSE
95,FALSE
55,FALSE
98,FALSE
31,FALSE
34,FALSE
7,FALSE
68,FALSE
59,FALSE
83,FALSE
35,FALSE
29,FALSE
98,FALSE
42,TRUE
32,FALSE
29,TRUE
100,TRUE
74,TRUE
59,TRUE
8,TRUE
76,TRUE
62,TRUE
96,TRUE
11,TRUE
65,TRUE
59,TRUE
15,TRUE
78,TRUE
26,TRUE
74,TRUE
85,TRUE
29,FALSE
16,FALSE
28,FALSE
82,TRUE
94,TRUE
39,TRUE
26,TRUE
34,TRUE
76,FALSE
67,FALSE
37,TRUE
78,TRUE
24,FALSE
95,TRUE
26,FALSE
30,TRUE
42,TRUE
10,TRUE
66,TRUE
31,TRUE
75,TRUE
58,TRUE
94,FALSE
44,FALSE
1,TRUE
8,TRUE
54,TRUE
38,TRUE
85,FALSE
68,FALSE
27,TRUE
2,FALSE
6,FALSE
54,TRUE
68,FALSE
77,TRUE
64,TRUE
71,FALSE
49,FALSE
66,TRUE
5,FALSE
85,TRUE
46,FALSE
63,FALSE
88,TRUE
74,TRUE
25,FALSE
46,TRUE
92,TRUE
17,FALSE
21,FALSE
36,TRUE
61,FALSE
74,TRUE
34,TRUE
75,TRUE
91,TRUE
94,FALSE
25,TRUE
22,FALSE
44,FALSE
11,TRUE
72,TRUE
54,TRUE
21,TRUE
31,FALSE
61,FALSE
79,TRUE
89,TRUE
88,TRUE
17,FALSE
11,FALSE
26,TRUE
98,TRUE
76,FALSE
15,TRUE
73,FALSE
58,FALSE
33,TRUE
7,FALSE
62,TRUE
65,TRUE
91,TRUE
50,TRUE
79,TRUE
76,TRUE
68,FALSE
27,FALSE
76,TRUE
91,FALSE
15,TRUE
52,TRUE
92,FALSE
70,FALSE
5,FALSE
65,FALSE
83,FALSE
88,FALSE
73,FALSE
5,TRUE
16,FALSE
42,TRUE
8,TRUE
35,FALSE
52,FALSE
70,FALSE
51,FALSE
13,TRUE
86,TRUE
15,TRUE
29,FALSE
43,TRUE
100,FALSE
90,FALSE
77,FALSE
21,TRUE
95,FALSE
8,FALSE
15,FALSE
83,TRUE
72,FALSE
67,FALSE
60,FALSE
77,FALSE
95,FALSE
51,FALSE
35,FALSE
6,FALSE
86,FALSE
99,FALSE
86,FALSE
69,FALSE
88,TRUE
44,FALSE
97,FALSE
55,FALSE
91,FALSE
7,FALSE
29,FALSE
76,FALSE
98,TRUE
92,FALSE
4,FALSE
16,FALSE
4,FALSE
75,FALSE
63,FALSE
4,FALSE
62,FALSE
60,FALSE
75,FALSE
11,FALSE
28,FALSE
100,TRUE
81,FALSE
48,FALSE
22,TRUE
64,TRUE
93,TRUE
99,FALSE
83,TRUE
27,TRUE
40,TRUE
4,TRUE
99,TRUE
81,TRUE
37,TRUE
66,TRUE
80,TRUE
22,TRUE
58,TRUE
82,TRUE
62,TRUE
9,TRUE
81,TRUE
35,FALSE
100,TRUE
23,TRUE
53,TRUE
21,TRUE
68,TRUE
54,TRUE
90,FALSE
65,TRUE
98,TRUE
93,TRUE
39,TRUE
34,FALSE
34,TRUE
14,TRUE
6,TRUE
4,FALSE
39,TRUE
42,TRUE
87,TRUE
41,TRUE
29,FALSE
61,TRUE
80,FALSE
51,TRUE
41,FALSE
14,TRUE
32,TRUE
95,TRUE
27,TRUE
41,TRUE
21,TRUE
6,TRUE
7,FALSE
92,TRUE
50,FALSE
23,TRUE
29,TRUE
95,TRUE
38,FALSE
14,FALSE
21,FALSE
14,FALSE
5,FALSE
24,TRUE
99,TRUE
90,TRUE
94,FALSE
65,TRUE
21,TRUE
71,FALSE
22,FALSE
92,TRUE
12,TRUE
80,FALSE
53,FALSE
19,TRUE
76,TRUE
78,TRUE
35,TRUE
86,FALSE
42,TRUE
88,FALSE
85,FALSE
100,TRUE
99,TRUE
69,FALSE
100,FALSE
75,TRUE
53,FALSE
2,FALSE
19,TRUE
27,TRUE
97,FALSE
11,TRUE
50,TRUE
3,TRUE
69,TRUE
6,TRUE
91,FALSE
3,FALSE
69,FALSE
56,TRUE
94,FALSE
95,TRUE
67,TRUE
87,TRUE
81,TRUE
39,FALSE
37,TRUE
23,TRUE
92,FALSE
91,TRUE
84,FALSE
16,FALSE
76,TRUE
85,TRUE
100,FALSE
34,TRUE
20,FALSE
10,FALSE
98,TRUE
63,TRUE
20,TRUE
79,TRUE
6,TRUE
68,FALSE
68,FALSE
56,TRUE
46,FALSE
69,FALSE
17,FALSE
8,FALSE
9,FALSE
35,FALSE
8,FALSE
13,FALSE
31,TRUE
10,TRUE
92,TRUE
51,FALSE
35,FALSE
73,FALSE
12,TRUE
61,FALSE
76,FALSE
39,FALSE
13,TRUE
60,TRUE
60,TRUE
35,FALSE
47,FALSE
40,FALSE
53,TRUE
35,FALSE
62,FALSE
32,FALSE
8,FALSE
31,TRUE
1,FALSE
10,TRUE
67,FALSE
14,FALSE
96,FALSE
64,FALSE
23,FALSE
64,FALSE
52,TRUE
17,TRUE
94,TRUE
88,TRUE
74,TRUE
63,TRUE
71,TRUE
93,TRUE
24,TRUE
89,TRUE
69,TRUE
100,TRUE
18,TRUE
91,TRUE
47,TRUE
32,TRUE
8,TRUE
43,FALSE
64,TRUE
76,TRUE
13,TRUE
34,TRUE
45,TRUE
33,TRUE
81,TRUE
37,TRUE
38,TRUE
47,TRUE
93,FALSE
69,TRUE
93,FALSE
10,FALSE
77,FALSE
34,FALSE
66,TRUE
13,TRUE
81,TRUE
23,TRUE
71,FALSE
31,TRUE
10,TRUE
31,TRUE
16,TRUE
100,TRUE
87,TRUE
46,TRUE
50,TRUE
44,FALSE
79,TRUE
98,TRUE
6,TRUE
51,TRUE
51,TRUE
50,TRUE
2,TRUE
49,FALSE
3,TRUE
21,FALSE
11,TRUE
35,TRUE
2,FALSE
60,FALSE
4,FALSE
12,TRUE
7,FALSE
73,TRUE
61,FALSE
98,TRUE
4,TRUE
60,TRUE
69,FALSE
7,TRUE
8,TRUE
29,TRUE
40,TRUE
23,TRUE
65,TRUE
33,FALSE
43,FALSE
100,TRUE
72,TRUE
6,FALSE
47,FALSE
21,FALSE
5,FALSE
35,TRUE
57,TRUE
15,TRUE
21,FALSE
57,TRUE
18,TRUE
45,FALSE
92,TRUE
25,FALSE
25,TRUE
31,TRUE
87,TRUE
19,FALSE
5,FALSE
77,FALSE
10,TRUE
4,FALSE
43,TRUE
53,FALSE
35,FALSE
76,TRUE
14,TRUE
5,TRUE
51,FALSE
52,TRUE
53,FALSE
19,FALSE
31,TRUE
38,FALSE
48,TRUE
27,FALSE
52,TRUE
90,FALSE
14,TRUE
70,FALSE
72,FALSE
11,FALSE
40,FALSE
13,FALSE
86,TRUE
87,FALSE
16,TRUE
19,FALSE
10,FALSE
52,FALSE
59,FALSE
57,FALSE
90,FALSE
9,FALSE
62,FALSE
30,FALSE
40,FALSE
89,FALSE
65,TRUE
59,FALSE
48,FALSE
86,FALSE
14,FALSE
91,FALSE
95,TRUE
49,TRUE
81,TRUE
51,TRUE
77,FALSE
31,TRUE
50,TRUE
29,FALSE
72,FALSE
71,TRUE
22,FALSE
7,TRUE
43,FALSE
41,FALSE
64,FALSE
54,FALSE
74,TRUE
22,TRUE
75,TRUE
37,TRUE
24,TRUE
44,TRUE
71,TRUE
29,TRUE
56,FALSE
62,TRUE
29,TRUE
72,TRUE
90,FALSE
70,FALSE
78,FALSE
58,TRUE
22,FALSE
67,TRUE
53,FALSE
54,TRUE
48,TRUE
20,TRUE
75,TRUE
70,TRUE
12,FALSE
100,FALSE
100,FALSE
18,TRUE
49,TRUE
8,TRUE
54,TRUE
54,FALSE
96,FALSE
82,TRUE
10,TRUE
63,TRUE
77,TRUE
43,TRUE
72,FALSE
55,TRUE
74,FALSE
64,TRUE
75,TRUE
51,TRUE
91,FALSE
85,TRUE
66,TRUE
83,TRUE
80,TRUE
37,TRUE
47,TRUE
73,FALSE
97,TRUE
91,TRUE
92,FALSE
80,TRUE
16,FALSE
86,TRUE
67,TRUE
71,TRUE
40,TRUE
28,TRUE
99,TRUE
87,TRUE
33,TRUE
45,FALSE
78,TRUE
14,TRUE
63,FALSE
27,FALSE
14,TRUE
62,TRUE
81,TRUE
25,FALSE
93,FALSE
41,FALSE
76,FALSE
70,TRUE
26,FALSE
15,TRUE
30,TRUE
53,TRUE
72,TRUE
53,TRUE
56,FALSE
22,TRUE
69,FALSE
52,TRUE
27,TRUE
56,TRUE
55,FALSE
35,FALSE
64,FALSE
58,TRUE
37,TRUE
63,TRUE
97,FALSE
57,TRUE
16,TRUE
42,TRUE
40,FALSE
81,FALSE
42,TRUE
80,TRUE
32,TRUE
14,FALSE
35,FALSE
49,FALSE
68,FALSE
27,FALSE
100,TRUE
75,FALSE
96,FALSE
40,FALSE
9,FALSE
34,FALSE
73,TRUE
52,FALSE
39,TRUE
38,TRUE
14,FALSE
23,TRUE
14,FALSE
21,FALSE
88,TRUE
47,FALSE
77,TRUE
28,FALSE
68,FALSE
84,FALSE
20,FALSE
30,FALSE
2,TRUE
50,TRUE
23,TRUE
19,FALSE
38,FALSE
99,FALSE
13,TRUE
10,FALSE
100,FALSE
59,FALSE
67,TRUE
63,FALSE
98,FALSE
32,FALSE
53,FALSE
80,FALSE
86,FALSE
21,FALSE
18,TRUE
77,TRUE
48,FALSE
28,FALSE
100,FALSE
17,FALSE
18,FALSE
42,TRUE
51,TRUE
48,FALSE
87,FALSE
21,FALSE
54,TRUE
36,TRUE
57,TRUE
23,TRUE
63,TRUE
7,TRUE
79,TRUE
90,TRUE
86,FALSE
28,TRUE
12,TRUE
21,FALSE
25,TRUE
38,FALSE
25,TRUE
32,TRUE
81,TRUE
77,TRUE
72,TRUE
15,TRUE
60,TRUE
13,TRUE
16,TRUE
96,TRUE
81,FALSE
17,FALSE
73,TRUE
98,FALSE
48,FALSE
56,TRUE
70,TRUE
54,FALSE
23,TRUE
5,TRUE
27,TRUE
72,TRUE
19,FALSE
21,TRUE
31,TRUE
57,TRUE
13,TRUE
23,TRUE
10,TRUE
66,TRUE
40,FALSE
14,TRUE
8,TRUE
30,TRUE
9,TRUE
12,TRUE
40,FALSE
40,FALSE
94,FALSE
42,TRUE
50,TRUE
38,TRUE
59,TRUE
43,FALSE
86,TRUE
49,TRUE
82,FALSE
84,FALSE
32,TRUE
12,TRUE
39,TRUE
14,FALSE
18,FALSE
13,FALSE
3,FALSE
94,TRUE
46,FALSE
7,TRUE
13,FALSE
44,TRUE
87,FALSE
28,FALSE
56,TRUE
33,FALSE
63,FALSE
19,FALSE
69,FALSE
41,FALSE
4,TRUE
98,FALSE
26,TRUE
39,FALSE
1,FALSE
99,FALSE
46,FALSE
61,TRUE
79,TRUE
5,TRUE
38,FALSE
50,TRUE
1,FALSE
58,TRUE
89,TRUE
26,TRUE
4,TRUE
29,FALSE
28,FALSE
29,FALSE
10,TRUE
46,FALSE
85,TRUE
22,FALSE
11,TRUE
63,TRUE
29,TRUE
1,FALSE
37,TRUE
42,FALSE
26,TRUE
78,FALSE
42,TRUE
80,FALSE
18,TRUE
95,TRUE
70,TRUE
65,TRUE
29,TRUE
75,FALSE
14,TRUE
22,FALSE
17,FALSE
88,FALSE
10,TRUE
78,TRUE
51,TRUE
45,TRUE
7,FALSE
10,FALSE
5,TRUE
52,TRUE
54,TRUE
47,FALSE
11,TRUE
6,FALSE
73,FALSE
61,FALSE
86,TRUE
36,FALSE
50,TRUE
51,TRUE
25,FALSE
5,FALSE
74,TRUE
71,FALSE
88,FALSE
20,FALSE
30,FALSE
100,FALSE
60,TRUE
87,FALSE
98,TRUE
19,FALSE
4,TRUE
63,TRUE
82,FALSE
53,TRUE
54,FALSE
58,FALSE
32,FALSE
53,FALSE
2,TRUE
98,FALSE
49,FALSE
46,FALSE
35,FALSE
52,FALSE
5,FALSE
70,FALSE
12,TRUE
89,TRUE
65,TRUE
71,TRUE
77,TRUE
35,TRUE
72,FALSE
41,TRUE
36,TRUE
53,TRUE
30,FALSE
41,TRUE
66,TRUE
57,TRUE
87,TRUE
49,TRUE
6,TRUE
5,TRUE
68,FALSE
87,TRUE
84,TRUE
41,TRUE
34,TRUE
11,TRUE
84,TRUE
18,TRUE
34,TRUE
29,FALSE
27,FALSE
52,TRUE
96,TRUE
60,TRUE
51,TRUE
33,TRUE
27,TRUE
48,TRUE
90,FALSE
91,TRUE
83,TRUE
21,TRUE
98,FALSE
86,TRUE
6,TRUE
23,TRUE
10,TRUE
3,TRUE
49,TRUE
14,FALSE
19,TRUE
33,TRUE
59,TRUE
32,FALSE
26,TRUE
68,TRUE
72,FALSE
19,FALSE
43,FALSE
59,FALSE
49,TRUE
59,FALSE
64,TRUE
49,TRUE
31,TRUE
32,FALSE
87,TRUE
73,TRUE
81,TRUE
90,TRUE
33,FALSE
18,TRUE
75,FALSE
6,TRUE
54,TRUE
13,TRUE
85,TRUE
1,TRUE
9,TRUE
40,TRUE
65,FALSE
61,FALSE
14,TRUE
6,FALSE
66,FALSE
8,TRUE
16,TRUE
88,FALSE
21,FALSE
27,TRUE
24,FALSE
28,TRUE
95,FALSE
87,FALSE
100,TRUE
86,TRUE
41,FALSE
96,FALSE
81,FALSE
1,TRUE
44,TRUE
76,FALSE
14,FALSE
23,FALSE
38,TRUE
78,FALSE
1,FALSE
67,TRUE
57,FALSE
21,FALSE
76,FALSE
100,TRUE
16,TRUE
31,TRUE
6,FALSE
11,TRUE
25,FALSE
6,FALSE
26,FALSE
90,FALSE
77,FALSE
10,TRUE
35,FALSE
82,FALSE
78,TRUE
44,FALSE
82,FALSE
31,TRUE
100,FALSE
42,TRUE
86,FALSE
50,FALSE
98,FALSE
77,FALSE
20,FALSE
94,FALSE
8,FALSE
35,FALSE
74,FALSE
13,TRUE
35,FALSE
78,FALSE
33,FALSE
43,FALSE
6,TRUE
78,FALSE
51,FALSE
76,TRUE
31,FALSE
17,FALSE
55,TRUE
33,FALSE
88,FALSE
14,FALSE
99,FALSE
32,TRUE
56,TRUE
64,TRUE
30,TRUE
43,TRUE
3,TRUE
57,TRUE
78,TRUE
67,TRUE
88,TRUE
59,TRUE
32,TRUE
20,TRUE
87,TRUE
52,TRUE
78,TRUE
93,TRUE
12,FALSE
24,TRUE
17,TRUE
60,TRUE
74,TRUE
6,FALSE
49,FALSE
86,TRUE
45,TRUE
13,TRUE
1,TRUE
40,TRUE
93,TRUE
76,TRUE
89,TRUE
100,FALSE
89,FALSE
28,TRUE
20,TRUE
85,FALSE
8,TRUE
100,TRUE
64,TRUE
83,TRUE
26,FALSE
9,TRUE
93,TRUE
17,TRUE
22,TRUE
86,TRUE
92,TRUE
53,TRUE
12,TRUE
46,FALSE
41,FALSE
76,FALSE
70,FALSE
4,TRUE
38,TRUE
77,TRUE
98,TRUE
89,TRUE
71,FALSE
25,TRUE
23,FALSE
56,TRUE
91,TRUE
5,FALSE
66,TRUE
95,TRUE
65,TRUE
68,TRUE
81,TRUE
96,TRUE
64,TRUE
71,TRUE
85,TRUE
19,TRUE
90,TRUE
38,TRUE
77,TRUE
27,FALSE
65,TRUE
69,TRUE
49,TRUE
39,TRUE
99,FALSE
51,FALSE
85,TRUE
64,FALSE
23,FALSE
36,FALSE
47,TRUE
63,FALSE
58,TRUE
98,FALSE
46,TRUE
28,FALSE
2,TRUE
6,FALSE
69,TRUE
22,FALSE
33,TRUE
8,TRUE
56,TRUE
81,FALSE
39,FALSE
37,FALSE
13,TRUE
82,FALSE
30,FALSE
13,TRUE
72,TRUE
71,TRUE
69,TRUE
48,TRUE
30,FALSE
76,FALSE
4,TRUE
83,TRUE
71,FALSE
58,FALSE
86,FALSE
49,TRUE
23,FALSE
65,FALSE
62,TRUE
35,FALSE
66,FALSE
49,FALSE
63,FALSE
50,FALSE
98,TRUE
16,FALSE
20,TRUE
70,TRUE
44,FALSE
24,FALSE
79,FALSE
68,FALSE
87,FALSE
66,TRUE
15,FALSE
90,FALSE
68,FALSE
98,TRUE
45,FALSE
15,FALSE
40,FALSE
46,FALSE
98,FALSE
10,TRUE
4,FALSE
29,FALSE
93,FALSE
100,TRUE
71,TRUE
35,TRUE
7,FALSE
76,FALSE
98,FALSE
43,FALSE
97,FALSE
11,FALSE
10,TRUE
39,TRUE
4,FALSE
89,FALSE
40,FALSE
81,FALSE
49,FALSE
88,FALSE
65,TRUE
61,FALSE
56,TRUE
79,FALSE
12,FALSE
39,TRUE
12,FALSE
88,FALSE
58,FALSE
91,FALSE
63,FALSE
38,TRUE
84,TRUE
43,TRUE
80,FALSE
15,TRUE
43,TRUE
29,TRUE
18,TRUE
10,TRUE
81,FALSE
57,TRUE
60,TRUE
88,TRUE
66,FALSE
91,TRUE
11,TRUE
81,TRUE
63,TRUE
18,TRUE
72,TRUE
32,TRUE
2,TRUE
69,FALSE
56,TRUE
17,TRUE
19,TRUE
57,TRUE
45,TRUE
10,FALSE
16,TRUE
26,TRUE
25,TRUE
40,TRUE
39,TRUE
72,FALSE
68,TRUE
56,TRUE
4,TRUE
44,TRUE
48,TRUE
30,TRUE
12,TRUE
86,FALSE
22,TRUE
49,FALSE
53,TRUE
54,TRUE
29,FALSE
81,TRUE
99,TRUE
11,TRUE
11,FALSE
67,FALSE
80,TRUE
23,TRUE
60,FALSE
15,FALSE
83,FALSE
46,TRUE
69,TRUE
35,TRUE
42,TRUE
31,FALSE
38,FALSE
92,FALSE
63,TRUE
46,FALSE
15,TRUE
20,FALSE
19,TRUE
35,FALSE
76,TRUE
21,FALSE
69,TRUE
82,FALSE
32,FALSE
93,TRUE
27,TRUE
25,TRUE
77,FALSE
27,TRUE
73,FALSE
24,FALSE
69,TRUE
3,FALSE
20,TRUE
49,FALSE
11,FALSE
52,TRUE
59,TRUE
65,FALSE
83,TRUE
16,FALSE
11,TRUE
5,FALSE
6,FALSE
5,TRUE
93,FALSE
43,TRUE
39,FALSE
61,TRUE
63,FALSE
25,TRUE
17,TRUE
35,FALSE
29,FALSE
57,FALSE
35,FALSE
90,TRUE
58,TRUE
37,TRUE
4,FALSE
13,TRUE
25,TRUE
81,FALSE
59,TRUE
3,FALSE
91,FALSE
65,TRUE
50,FALSE
64,TRUE
44,TRUE
54,FALSE
65,FALSE
51,FALSE
74,TRUE
40,FALSE
15,FALSE
20,TRUE
92,FALSE
86,FALSE
21,TRUE
38,FALSE
93,FALSE
58,FALSE
11,TRUE
28,TRUE
31,FALSE
28,FALSE
42,FALSE
14,FALSE
5,FALSE
89,FALSE
27,FALSE
7,FALSE
9,TRUE
82,FALSE
39,FALSE
55,TRUE
11,TRUE
66,TRUE
56,FALSE
48,FALSE
63,TRUE
2,TRUE
50,FALSE
70,FALSE
95,FALSE
66,FALSE
63,FALSE
25,FALSE
54,FALSE
90,FALSE
1,FALSE
37,FALSE
43,FALSE
19,FALSE
19,TRUE
57,TRUE
57,TRUE
57,FALSE
28,TRUE
41,FALSE
10,FALSE
26,FALSE
14,TRUE
59,TRUE
55,TRUE
62,FALSE
37,TRUE
89,TRUE
27,FALSE
23,FALSE
51,TRUE
100,TRUE
27,FALSE
95,TRUE
98,FALSE
71,TRUE
33,TRUE
59,TRUE
85,TRUE
35,TRUE
62,FALSE
57,TRUE
76,TRUE
10,TRUE
67,FALSE
53,TRUE
50,TRUE
10,TRUE
75,TRUE
24,TRUE
3,TRUE
57,TRUE
16,FALSE
71,TRUE
68,TRUE
29,TRUE
72,TRUE
45,FALSE
8,TRUE
54,FALSE
80,TRUE
45,TRUE
37,TRUE
86,TRUE
13,TRUE
80,TRUE
98,FALSE
16,FALSE
88,FALSE
44,TRUE
4,TRUE
71,TRUE
16,FALSE
10,TRUE
76,FALSE
61,FALSE
86,FALSE
34,FALSE
85,TRUE
76,FALSE
86,FALSE
13,TRUE
23,TRUE
62,TRUE
32,FALSE
83,FALSE
74,TRUE
88,FALSE
88,TRUE
43,TRUE
93,FALSE
79,TRUE
15,TRUE
36,FALSE
48,FALSE
66,FALSE
73,TRUE
69,TRUE
67,TRUE
75,FALSE
72,TRUE
75,TRUE
26,TRUE
87,FALSE
45,TRUE
63,FALSE
90,TRUE
42,TRUE
72,FALSE
78,TRUE
76,TRUE
79,TRUE
29,FALSE
14,TRUE
93,FALSE
38,TRUE
28,FALSE
1,TRUE
86,TRUE
85,TRUE
16,TRUE
51,FALSE
4,TRUE
18,FALSE
100,FALSE
48,TRUE
59,FALSE
42,TRUE
90,TRUE
5,FALSE
61,FALSE
19,FALSE
47,TRUE
54,TRUE
60,FALSE
43,FALSE
97,FALSE
7,FALSE
55,FALSE
43,TRUE
67,TRUE
94,FALSE
61,FALSE
80,FALSE
43,FALSE
97,FALSE
18,FALSE
49,FALSE
79,FALSE
63,FALSE
19,FALSE
59,FALSE
48,FALSE
68,FALSE
89,FALSE
62,TRUE
28,FALSE
71,FALSE
40,FALSE
23,TRUE
46,FALSE
12,TRUE
95,FALSE
76,FALSE
22,TRUE
94,FALSE
71,FALSE
54,TRUE
38,TRUE
13,TRUE
5,FALSE
65,FALSE
18,FALSE
74,FALSE
18,FALSE
27,FALSE
13,FALSE
90,FALSE
11,FALSE
16,FALSE
74,TRUE
75,FALSE
25,FALSE
16,TRUE
87,TRUE
77,FALSE
47,FALSE
2,FALSE
7,TRUE
70,TRUE
75,TRUE
58,TRUE
88,TRUE
86,TRUE
73,TRUE
51,FALSE
30,TRUE
91,TRUE
80,TRUE
100,TRUE
60,TRUE
4,TRUE
61,TRUE
47,TRUE
13,TRUE
12,TRUE
83,TRUE
1,TRUE
48,TRUE
32,TRUE
21,FALSE
57,TRUE
48,FALSE
27,FALSE
18,TRUE
9,TRUE
5,FALSE
74,FALSE
31,FALSE
66,TRUE
69,FALSE
67,TRUE
90,FALSE
38,TRUE
100,TRUE
62,TRUE
55,FALSE
7,TRUE
71,FALSE
79,FALSE
48,TRUE
86,TRUE
44,TRUE
52,TRUE
25,FALSE
88,TRUE
1,TRUE
82,FALSE
11,TRUE
26,TRUE
40,FALSE
4,FALSE
66,TRUE
81,FALSE
17,TRUE
99,FALSE
10,FALSE
77,FALSE
80,TRUE
33,TRUE
54,TRUE
66,FALSE
70,TRUE
57,TRUE
4,TRUE
32,TRUE
15,FALSE
63,TRUE
96,FALSE
94,FALSE
13,FALSE
74,TRUE
20,TRUE
80,TRUE
21,FALSE
73,FALSE
78,FALSE
76,FALSE
19,FALSE
52,TRUE
25,FALSE
24,TRUE
7,FALSE
79,TRUE
92,FALSE
54,TRUE
20,TRUE
14,FALSE
52,FALSE
3,TRUE
100,TRUE
64,TRUE
46,FALSE
6,FALSE
91,FALSE
92,TRUE
79,FALSE
14,TRUE
38,FALSE
37,FALSE
6,FALSE
58,FALSE
65,TRUE
39,TRUE
8,TRUE
99,TRUE
31,FALSE
70,TRUE
47,TRUE
27,TRUE
53,FALSE
57,FALSE
12,TRUE
16,FALSE
8,TRUE
48,TRUE
40,FALSE
52,FALSE
21,TRUE
67,FALSE
66,FALSE
72,FALSE
75,FALSE
94,FALSE
30,FALSE
21,FALSE
86,TRUE
19,TRUE
44,TRUE
53,TRUE
92,FALSE
78,FALSE
6,TRUE
51,FALSE
38,TRUE
22,FALSE
82,FALSE
72,TRUE
1,FALSE
25,FALSE
3,TRUE
42,FALSE
68,FALSE
48,FALSE
27,TRUE
15,FALSE
87,FALSE
93,FALSE
17,TRUE
37,TRUE
100,FALSE
1,TRUE
21,FALSE
42,FALSE
60,TRUE
77,FALSE
80,TRUE
47,TRUE
41,FALSE
4,TRUE
84,TRUE
49,FALSE
26,TRUE
88,TRUE
9,TRUE
69,TRUE
9,TRUE
62,TRUE
72,TRUE
55,TRUE
23,TRUE
68,TRUE
53,FALSE
72,TRUE
76,TRUE
62,TRUE
1,TRUE
19,TRUE
60,TRUE
7,TRUE
7,TRUE
93,TRUE
68,TRUE
32,TRUE
50,TRUE
100,TRUE
29,FALSE
45,TRUE
87,TRUE
55,TRUE
12,FALSE
63,TRUE
39,TRUE
54,FALSE
55,TRUE
17,FALSE
5,TRUE
3,TRUE
56,TRUE
97,FALSE
59,TRUE
37,TRUE
2,TRUE
36,FALSE
82,TRUE
23,FALSE
22,TRUE
89,TRUE
62,TRUE
2,FALSE
90,TRUE
63,TRUE
77,FALSE
75,TRUE
95,TRUE
22,TRUE
44,TRUE
18,TRUE
94,FALSE
78,TRUE
74,TRUE
70,TRUE
20,TRUE
50,FALSE
46,FALSE
47,TRUE
46,TRUE
13,FALSE
6,FALSE
9,FALSE
55,FALSE
28,FALSE
86,FALSE
45,TRUE
34,TRUE
77,TRUE
62,FALSE
77,TRUE
89,TRUE
47,FALSE
13,TRUE
44,TRUE
58,FALSE
64,TRUE
87,TRUE
90,FALSE
29,FALSE
12,FALSE
18,FALSE
8,FALSE
27,FALSE
59,FALSE
81,FALSE
9,FALSE
90,TRUE
13,FALSE
64,FALSE
91,FALSE
11,FALSE
30,FALSE
28,FALSE
16,TRUE
1,TRUE
96,TRUE
24,FALSE
9,FALSE
47,TRUE
100,FALSE
20,FALSE
19,FALSE
58,TRUE
87,TRUE
28,FALSE
83,FALSE
73,TRUE
27,FALSE
45,TRUE
53,TRUE
33,FALSE
68,FALSE
53,FALSE
50,FALSE
89,FALSE
78,TRUE
52,TRUE
12,TRUE
91,FALSE
21,FALSE
48,FALSE
99,FALSE
11,FALSE
66,TRUE
27,TRUE
72,FALSE
28,TRUE
66,FALSE
22,FALSE
24,TRUE
40,TRUE
38,FALSE
64,TRUE
79,FALSE
54,FALSE
67,TRUE
41,FALSE
27,FALSE
4,TRUE
5,FALSE
84,FALSE
8,FALSE
55,FALSE
35,TRUE
84,TRUE
72,TRUE
29,TRUE
50,FALSE
31,TRUE
96,TRUE
35,TRUE
29,TRUE
21,TRUE
64,TRUE
95,TRUE
38,TRUE
91,TRUE
3,FALSE
91,TRUE
49,TRUE
43,FALSE
72,TRUE
30,TRUE
73,TRUE
3,TRUE
68,FALSE
64,TRUE
56,TRUE
40,TRUE
19,TRUE
1,TRUE
20,TRUE
87,TRUE
83,TRUE
80,TRUE
20,TRUE
97,FALSE
16,TRUE
88,TRUE
98,FALSE
35,TRUE
44,FALSE
94,TRUE
42,FALSE
64,TRUE
17,TRUE
32,FALSE
96,TRUE
67,TRUE
52,TRUE
73,TRUE
76,TRUE
97,TRUE
64,TRUE
33,TRUE
12,TRUE
75,TRUE
65,TRUE
78,TRUE
70,FALSE
36,FALSE
4,TRUE
22,FALSE
30,TRUE
96,FALSE
8,TRUE
1,TRUE
36,TRUE
76,TRUE
14,TRUE
64,TRUE
97,TRUE
46,TRUE
33,TRUE
58,FALSE
49,FALSE
75,TRUE
45,TRUE
94,TRUE
94,FALSE
83,TRUE
76,TRUE
3,TRUE
15,FALSE
29,TRUE
77,TRUE
86,TRUE
85,TRUE
44,TRUE
68,TRUE
29,FALSE
79,TRUE
33,FALSE
51,TRUE
36,FALSE
53,TRUE
55,TRUE
48,FALSE
89,FALSE
2,TRUE
5,FALSE
85,FALSE
94,FALSE
21,TRUE
94,FALSE
71,FALSE
35,TRUE
40,TRUE
69,TRUE
62,TRUE
54,TRUE
74,TRUE
55,TRUE
11,FALSE
55,TRUE
50,FALSE
2,TRUE
70,FALSE
50,FALSE
44,FALSE
31,FALSE
37,TRUE
5,FALSE
62,FALSE
30,FALSE
51,TRUE
90,FALSE
10,TRUE
41,FALSE
51,TRUE
33,TRUE
80,FALSE
41,FALSE
68,TRUE
33,FALSE
91,FALSE
59,FALSE
2,FALSE
61,TRUE
44,FALSE
35,FALSE
28,TRUE
26,FALSE
81,FALSE
85,FALSE
3,FALSE
30,FALSE
65,FALSE
44,FALSE
2,TRUE
95,FALSE
72,TRUE
21,FALSE
40,FALSE
15,TRUE
51,TRUE
100,FALSE
68,FALSE
94,FALSE
9,FALSE
95,FALSE
14,FALSE
65,TRUE
46,TRUE
29,TRUE
94,TRUE
3,TRUE
28,FALSE
53,TRUE
58,TRUE
74,TRUE
44,TRUE
79,FALSE
90,TRUE
2,TRUE
29,TRUE
17,TRUE
44,TRUE
77,FALSE
81,TRUE
98,FALSE
15,TRUE
99,TRUE
97,TRUE
25,TRUE
54,TRUE
54,FALSE
13,TRUE
97,TRUE
71,TRUE
85,TRUE
77,FALSE
30,FALSE
32,TRUE
18,TRUE
26,FALSE
68,TRUE
39,TRUE
1,FALSE
26,TRUE
34,FALSE
49,FALSE
5,TRUE
61,TRUE
16,FALSE
77,FALSE
84,TRUE
56,TRUE
19,TRUE
62,TRUE
99,TRUE
42,TRUE
35,FALSE
12,TRUE
88,FALSE
87,TRUE
15,TRUE
18,TRUE
38,FALSE
73,TRUE
70,TRUE
60,FALSE
21,FALSE
38,TRUE
92,TRUE
7,FALSE
16,FALSE
50,TRUE
92,TRUE
68,FALSE
33,FALSE
69,TRUE
36,TRUE
54,FALSE
24,TRUE
41,FALSE
75,FALSE
53,FALSE
76,TRUE
36,TRUE
33,TRUE
36,TRUE
80,FALSE
72,TRUE
68,FALSE
49,FALSE
94,FALSE
91,TRUE
65,TRUE
18,TRUE
92,TRUE
84,TRUE
4,FALSE
25,FALSE
98,FALSE
71,TRUE
53,TRUE
80,TRUE
41,TRUE
82,TRUE
54,FALSE
81,TRUE
6,FALSE
44,FALSE
81,TRUE
82,FALSE
67,FALSE
43,TRUE
61,FALSE
53,TRUE
33,TRUE
94,TRUE
44,FALSE
40,FALSE
22,FALSE
15,FALSE
34,FALSE
30,FALSE
56,TRUE
50,FALSE
14,TRUE
42,FALSE
68,TRUE
57,FALSE
37,FALSE
58,TRUE
8,FALSE
25,FALSE
83,FALSE
21,TRUE
65,FALSE
98,FALSE
74,FALSE
17,FALSE
13,TRUE
16,FALSE
39,FALSE
59,TRUE
26,FALSE
6,FALSE
3,FALSE
91,FALSE
64,FALSE
31,FALSE
35,FALSE
58,TRUE
57,FALSE
67,FALSE
50,FALSE
41,TRUE
23,FALSE
5,FALSE
46,FALSE
45,TRUE
33,TRUE
97,FALSE
20,TRUE
4,FALSE
4,TRUE
95,FALSE
76,TRUE
2,TRUE
81,TRUE
34,TRUE
83,TRUE
29,TRUE
80,TRUE
36,FALSE
76,FALSE
3,TRUE
72,TRUE
61,FALSE
71,TRUE
35,TRUE
36,TRUE
19,TRUE
89,TRUE
44,TRUE
89,FALSE
64,TRUE
34,TRUE
95,FALSE
9,TRUE
61,TRUE
67,FALSE
46,TRUE
39,TRUE
23,FALSE
10,FALSE
52,FALSE
97,TRUE
8,FALSE
6,FALSE
69,FALSE
23,TRUE
23,TRUE
96,FALSE
61,FALSE
74,TRUE
20,TRUE
34,FALSE
49,TRUE
28,TRUE
71,TRUE
89,TRUE
56,TRUE
95,FALSE
33,FALSE
53,TRUE
81,FALSE
76,TRUE
33,FALSE
77,FALSE
43,TRUE
75,TRUE
48,FALSE
44,FALSE
19,TRUE
5,TRUE
11,TRUE
93,FALSE
26,FALSE
80,TRUE
25,FALSE
29,FALSE
27,FALSE
98,FALSE
66,FALSE
59,FALSE
97,TRUE
29,FALSE
78,FALSE
79,TRUE
44,TRUE
32,FALSE
24,FALSE
78,FALSE
22,FALSE
74,FALSE
4,FALSE
11,TRUE
2,FALSE
77,TRUE
99,FALSE
5,FALSE
54,TRUE
26,FALSE
78,FALSE
99,TRUE
74,FALSE
3,TRUE
85,TRUE
76,FALSE
18,TRUE
15,FALSE
58,TRUE
4,TRUE
84,TRUE
18,FALSE
22,TRUE
55,FALSE
96,FALSE
54,TRUE
25,TRUE
95,TRUE
40,TRUE
84,TRUE
42,TRUE
34,FALSE
19,TRUE
13,TRUE
1,FALSE
86,FALSE
81,FALSE
25,TRUE
100,FALSE
45,TRUE
60,FALSE
92,FALSE
21,FALSE
68,FALSE
95,FALSE
41,TRUE
26,FALSE
7,TRUE
25,FALSE
54,FALSE
83,FALSE
99,FALSE
26,FALSE
89,FALSE
99,TRUE
53,TRUE
76,TRUE
78,FALSE
7,TRUE
15,TRUE
49,FALSE
23,TRUE
85,TRUE
64,FALSE
64,TRUE
40,FALSE
19,FALSE
18,FALSE
66,FALSE
2,FALSE
41,FALSE
94,FALSE
38,FALSE
15,FALSE
96,FALSE
95,FALSE
58,FALSE
59,FALSE
9,FALSE
20,TRUE
45,TRUE
17,TRUE
78,FALSE
59,FALSE
15,TRUE
19,FALSE
28,FALSE
59,FALSE
71,FALSE
7,FALSE
15,FALSE
70,FALSE
11,TRUE
90,FALSE
99,TRUE
6,TRUE
55,TRUE
75,FALSE
15,TRUE
52,TRUE
28,TRUE
63,TRUE
2,TRUE
54,TRUE
93,FALSE
51,TRUE
66,TRUE
66,TRUE
63,TRUE
49,TRUE
79,TRUE
68,TRUE
51,TRUE
55,TRUE
53,TRUE
53,TRUE
43,TRUE
93,TRUE
33,TRUE
93,TRUE
75,TRUE
70,FALSE
25,TRUE
19,FALSE
59,TRUE
6,TRUE
44,TRUE
88,TRUE
40,TRUE
36,TRUE
12,FALSE
70,TRUE
64,TRUE
35,FALSE
38,TRUE
71,FALSE
27,FALSE
41,TRUE
66,TRUE
100,TRUE
26,TRUE
64,TRUE
31,TRUE
43,FALSE
81,FALSE
99,TRUE
72,FALSE
5,TRUE
17,TRUE
29,FALSE
89,FALSE
92,FALSE
78,FALSE
65,TRUE
91,FALSE
39,FALSE
95,TRUE
13,TRUE
5,FALSE
96,TRUE
77,FALSE
6,FALSE
70,TRUE
96,FALSE
20,TRUE
57,TRUE
40,TRUE
55,TRUE
35,FALSE
20,TRUE
88,TRUE
20,TRUE
43,FALSE
98,FALSE
34,FALSE
17,FALSE
86,FALSE
96,FALSE
94,FALSE
98,TRUE
15,FALSE
36,FALSE
76,TRUE
87,TRUE
33,TRUE
67,FALSE
7,FALSE
57,FALSE
73,FALSE
32,TRUE
22,FALSE
68,FALSE
10,TRUE
93,TRUE
82,TRUE
50,FALSE
74,FALSE
2,TRUE
84,TRUE
2,FALSE
86,TRUE
93,TRUE
38,FALSE
44,FALSE
18,FALSE
28,TRUE
21,FALSE
66,TRUE
17,FALSE
26,FALSE
30,FALSE
90,TRUE
95,FALSE
64,FALSE
83,FALSE
68,FALSE
32,FALSE
5,FALSE
7,FALSE
5,TRUE
3,TRUE
55,FALSE
27,FALSE
85,TRUE
17,FALSE
31,FALSE
16,FALSE
18,FALSE
50,FALSE
14,FALSE
95,FALSE
74,TRUE
88,TRUE
83,FALSE
74,TRUE
25,FALSE
5,FALSE
81,FALSE
78,TRUE
20,FALSE
78,FALSE
26,FALSE
45,FALSE
36,FALSE
37,TRUE
97,FALSE
64,TRUE
100,FALSE
92,FALSE
61,FALSE
17,TRUE
17,TRUE
8,TRUE
91,FALSE
84,TRUE
63,TRUE
97,TRUE
24,TRUE
20,TRUE
100,TRUE
14,FALSE
50,TRUE
83,TRUE
96,FALSE
7,TRUE
59,TRUE
37,TRUE
52,TRUE
38,TRUE
29,TRUE
54,TRUE
56,TRUE
39,FALSE
64,FALSE
66,TRUE
26,FALSE
81,TRUE
16,TRUE
67,TRUE
54,FALSE
7,TRUE
93,FALSE
45,TRUE
78,TRUE
17,TRUE
51,TRUE
54,TRUE
21,TRUE
40,TRUE
25,TRUE
22,TRUE
42,TRUE
64,FALSE
44,TRUE
5,FALSE
26,TRUE
14,TRUE
7,TRUE
9,TRUE
38,FALSE
79,TRUE
7,TRUE
48,TRUE
65,TRUE
49,TRUE
61,TRUE
92,TRUE
58,TRUE
53,TRUE
72,FALSE
55,FALSE
11,TRUE
51,TRUE
53,TRUE
38,TRUE
88,TRUE
59,TRUE
80,FALSE
81,TRUE
35,FALSE
5,TRUE
69,TRUE
40,TRUE
87,TRUE
73,FALSE
10,FALSE
42,FALSE
43,TRUE
32,FALSE
45,TRUE
98,FALSE
93,FALSE
24,FALSE
8,FALSE
59,FALSE
14,TRUE
33,FALSE
20,TRUE
79,FALSE
55,FALSE
28,TRUE
94,TRUE
77,TRUE
92,FALSE
69,FALSE
81,TRUE
37,TRUE
49,TRUE
34,TRUE
56,TRUE
89,FALSE
33,TRUE
78,TRUE
48,TRUE
54,FALSE
59,FALSE
39,FALSE
89,TRUE
2,TRUE
44,TRUE
64,TRUE
38,FALSE
37,FALSE
29,FALSE
92,FALSE
74,FALSE
33,FALSE
5,FALSE
98,FALSE
62,FALSE
46,FALSE
93,FALSE
32,FALSE
54,FALSE
51,FALSE
36,TRUE
96,FALSE
12,FALSE
87,FALSE
48,TRUE
52,TRUE
51,FALSE
78,FALSE
51,FALSE
78,TRUE
16,TRUE
22,FALSE
76,FALSE
40,FALSE
25,FALSE
88,TRUE
84,FALSE
11,FALSE
23,TRUE
56,FALSE
17,TRUE
3,TRUE
12,FALSE
10,FALSE
1,FALSE
89,FALSE
5,TRUE
56,FALSE
77,FALSE
34,FALSE
33,FALSE
75,TRUE
97,FALSE
46,TRUE
23,FALSE
70,FALSE
5,FALSE
94,TRUE
83,FALSE
1,TRUE
21,FALSE
17,TRUE
64,FALSE
66,TRUE
31,FALSE
61,TRUE
81,TRUE
86,TRUE
90,FALSE
90,TRUE
8,TRUE
88,FALSE
67,TRUE
13,TRUE
38,TRUE
46,TRUE
48,FALSE
92,FALSE
56,TRUE
83,FALSE
75,TRUE
55,TRUE
91,TRUE
87,FALSE
92,FALSE
21,TRUE
18,FALSE
53,TRUE
16,TRUE
22,TRUE
10,TRUE
36,TRUE
68,TRUE
70,TRUE
11,TRUE
9,TRUE
33,TRUE
24,FALSE
39,TRUE
53,TRUE
26,TRUE
82,TRUE
11,TRUE
58,TRUE
52,TRUE
62,TRUE
100,TRUE
37,TRUE
98,TRUE
22,TRUE
32,TRUE
55,TRUE
73,TRUE
11,FALSE
22,FALSE
76,FALSE
25,TRUE
45,TRUE
52,TRUE
9,FALSE
39,FALSE
81,FALSE
25,TRUE
2,FALSE
61,TRUE
99,FALSE
17,TRUE
80,FALSE
91,TRUE
23,TRUE
34,FALSE
99,FALSE
63,TRUE
59,FALSE
75,FALSE
73,TRUE
34,TRUE
26,TRUE
48,FALSE
60,FALSE
35,TRUE
97,TRUE
75,FALSE
75,FALSE
51,FALSE
49,FALSE
78,FALSE
34,FALSE
28,FALSE
6,TRUE
62,TRUE
91,FALSE
48,FALSE
77,FALSE
10,FALSE
30,FALSE
38,TRUE
83,FALSE
70,TRUE
2,TRUE
95,TRUE
63,FALSE
23,TRUE
55,FALSE
43,FALSE
58,FALSE
58,TRUE
98,FALSE
15,FALSE
95,FALSE
96,TRUE
4,TRUE
97,FALSE
68,FALSE
14,FALSE
77,FALSE
75,FALSE
72,FALSE
36,FALSE
85,FALSE
31,FALSE
5,FALSE
31,FALSE
7,TRUE
28,FALSE
71,FALSE
92,FALSE
22,FALSE
71,TRUE
55,FALSE
83,FALSE
16,TRUE
100,FALSE
10,TRUE
46,FALSE
22,TRUE
86,FALSE
14,FALSE
32,FALSE
84,FALSE
10,FALSE
10,FALSE
60,TRUE
43,FALSE
15,FALSE
77,FALSE
15,FALSE
6,FALSE
29,FALSE
27,TRUE
80,FALSE
78,TRUE
65,FALSE
100,FALSE
70,FALSE
25,FALSE
31,FALSE
82,FALSE
53,FALSE
55,TRUE
28,TRUE
86,FALSE
70,FALSE
94,FALSE
65,FALSE
95,FALSE
27,TRUE
41,FALSE
78,TRUE
84,FALSE
87,FALSE
33,TRUE
37,TRUE
7,TRUE
55,FALSE
48,TRUE
11,TRUE
43,FALSE
29,TRUE
10,TRUE
41,FALSE
82,TRUE
67,FALSE
86,TRUE
84,TRUE
24,TRUE
74,FALSE
2,TRUE
51,TRUE
75,TRUE
24,FALSE
98,TRUE
7,FALSE
33,TRUE
34,TRUE
54,TRUE
6,FALSE
82,TRUE
19,TRUE
31,FALSE
20,TRUE
28,TRUE
7,FALSE
80,TRUE
8,TRUE
76,FALSE
58,FALSE
99,TRUE
92,TRUE
53,FALSE
38,TRUE
20,FALSE
83,TRUE
73,FALSE
77,FALSE
8,FALSE
63,TRUE
41,TRUE
66,FALSE
94,FALSE
6,TRUE
33,TRUE
80,TRUE
21,TRUE
58,TRUE
87,FALSE
39,TRUE
23,TRUE
82,FALSE
98,TRUE
97,TRUE
22,TRUE
83,FALSE
80,TRUE
90,FALSE
7,FALSE
7,FALSE
40,FALSE
72,FALSE
97,TRUE
66,FALSE
61,FALSE
39,TRUE
62,TRUE
54,TRUE
91,FALSE
53,FALSE
48,TRUE
21,FALSE
48,FALSE
24,FALSE
34,TRUE
86,TRUE
23,TRUE
86,TRUE
43,FALSE
10,FALSE
3,FALSE
71,FALSE
19,TRUE
51,TRUE
40,FALSE
70,TRUE
49,TRUE
59,TRUE
44,TRUE
19,TRUE
74,FALSE
51,TRUE
13,FALSE
31,TRUE
70,TRUE
61,FALSE
10,FALSE
95,FALSE
92,TRUE
57,TRUE
96,FALSE
65,FALSE
18,TRUE
8,FALSE
67,FALSE
53,TRUE
33,FALSE
33,FALSE
11,TRUE
22,FALSE
12,FALSE
84,FALSE
98,FALSE
48,FALSE
80,FALSE
34,FALSE
77,TRUE
31,FALSE
99,FALSE
30,FALSE
36,FALSE
64,TRUE
64,FALSE
62,TRUE
47,FALSE
98,FALSE
80,TRUE
22,FALSE
44,FALSE
37,FALSE
77,FALSE
54,FALSE
50,FALSE
61,TRUE
25,TRUE
85,TRUE
58,FALSE
9,TRUE
58,TRUE
93,TRUE
17,FALSE
58,FALSE
42,FALSE
84,TRUE
35,FALSE
49,TRUE
11,FALSE
47,TRUE
45,FALSE
48,TRUE
91,TRUE
47,TRUE
78,FALSE
51,TRUE
90,TRUE
3,TRUE
19,TRUE
87,TRUE
24,TRUE
24,TRUE
58,TRUE
86,FALSE
56,FALSE
69,FALSE
5,TRUE
69,TRUE
1,TRUE
10,TRUE
6,FALSE
85,TRUE
57,TRUE
58,FALSE
4,TRUE
61,FALSE
97,TRUE
17,TRUE
21,TRUE
33,TRUE
19,FALSE
59,TRUE
50,TRUE
82,TRUE
21,FALSE
89,TRUE
1,FALSE
21,TRUE
80,TRUE
97,FALSE
88,TRUE
24,TRUE
17,TRUE
31,TRUE
27,TRUE
28,TRUE
38,TRUE
24,TRUE
57,TRUE
22,TRUE
32,FALSE
33,TRUE
62,FALSE
19,FALSE
43,FALSE
60,TRUE
20,TRUE
91,TRUE
47,FALSE
54,TRUE
84,TRUE
29,FALSE
92,TRUE
68,FALSE
10,FALSE
29,TRUE
32,TRUE
21,FALSE
1,FALSE
74,TRUE
69,FALSE
93,FALSE
37,TRUE
83,TRUE
60,TRUE
11,TRUE
98,TRUE
43,FALSE
27,TRUE
41,FALSE
85,FALSE
5,TRUE
60,TRUE
65,TRUE
89,TRUE
72,TRUE
67,TRUE
46,TRUE
72,TRUE
30,FALSE
17,FALSE
41,TRUE
17,TRUE
82,TRUE
7,TRUE
94,FALSE
80,FALSE
67,TRUE
42,FALSE
90,FALSE
66,FALSE
80,TRUE
74,FALSE
1,FALSE
23,TRUE
45,FALSE
16,FALSE
98,TRUE
6,TRUE
69,TRUE
49,FALSE
42,FALSE
42,FALSE
52,FALSE
74,TRUE
64,TRUE
88,TRUE
63,FALSE
93,FALSE
13,FALSE
27,FALSE
19,FALSE
3,TRUE
75,FALSE
65,FALSE
44,FALSE
1,FALSE
100,FALSE
75,FALSE
10,TRUE
79,TRUE
95,TRUE
4,TRUE
79,TRUE
43,FALSE
52,TRUE
85,FALSE
45,FALSE
41,FALSE
88,FALSE
11,FALSE
9,FALSE
85,FALSE
71,FALSE
55,TRUE
15,FALSE
30,FALSE
64,FALSE
79,TRUE
80,TRUE
39,TRUE
40,TRUE
79,FALSE
16,TRUE
95,FALSE
27,TRUE
23,TRUE
95,TRUE
2,TRUE
87,TRUE
83,TRUE
64,TRUE
12,FALSE
87,TRUE
50,TRUE
98,TRUE
5,TRUE
70,TRUE
99,TRUE
41,TRUE
39,TRUE
20,TRUE
25,TRUE
4,FALSE
66,FALSE
62,TRUE
96,TRUE
37,TRUE
40,TRUE
15,TRUE
50,TRUE
23,TRUE
13,FALSE
12,FALSE
48,TRUE
48,TRUE
81,FALSE
54,FALSE
8,FALSE
82,TRUE
83,TRUE
16,TRUE
86,TRUE
38,TRUE
42,FALSE
70,TRUE
76,TRUE
95,TRUE
63,TRUE
4,FALSE
62,FALSE
37,FALSE
17,FALSE
9,TRUE
97,TRUE
89,TRUE
85,FALSE
6,TRUE
22,TRUE
61,TRUE
77,TRUE
68,FALSE
62,TRUE
73,TRUE
72,FALSE
45,FALSE
13,TRUE
84,FALSE
42,FALSE
63,FALSE
54,FALSE
13,TRUE
69,FALSE
1,FALSE
15,TRUE
42,TRUE
90,TRUE
72,TRUE
58,TRUE
51,TRUE
96,FALSE
62,TRUE
89,TRUE
68,TRUE
94,TRUE
62,TRUE
74,FALSE
63,FALSE
73,FALSE
30,FALSE
81,TRUE
95,TRUE
46,TRUE
64,FALSE
28,FALSE
70,TRUE
57,FALSE
17,TRUE
77,TRUE
10,FALSE
72,FALSE
29,FALSE
85,TRUE
7,FALSE
46,FALSE
4,TRUE
4,FALSE
57,FALSE
70,FALSE
62,FALSE
98,TRUE
60,FALSE
72,FALSE
83,TRUE
59,FALSE
38,FALSE
49,FALSE
77,FALSE
33,FALSE
14,TRUE
48,FALSE
70,FALSE
70,TRUE
28,FALSE
56,FALSE
47,FALSE
15,TRUE
76,TRUE
23,FALSE
28,FALSE
27,FALSE
89,FALSE
99,FALSE
64,FALSE
2,FALSE
87,TRUE
13,FALSE
6,FALSE
92,TRUE
24,FALSE
43,FALSE
54,TRUE
4,FALSE
20,FALSE
44,TRUE
11,TRUE
33,FALSE
51,FALSE
69,FALSE
45,FALSE
20,TRUE
49,TRUE
55,TRUE
87,TRUE
15,TRUE
9,FALSE
99,TRUE
97,TRUE
61,FALSE
11,TRUE
21,FALSE
47,FALSE
94,TRUE
89,TRUE
49,TRUE
18,TRUE
23,TRUE
82,TRUE
76,TRUE
90,TRUE
61,TRUE
49,TRUE
64,FALSE
87,FALSE
26,FALSE
79,FALSE
47,TRUE
5,TRUE
94,TRUE
58,FALSE
29,TRUE
90,TRUE
47,FALSE
12,TRUE
24,TRUE
79,FALSE
27,TRUE
52,FALSE
96,TRUE
59,TRUE
91,FALSE
77,TRUE
77,TRUE
95,FALSE
32,TRUE
95,TRUE
9,TRUE
86,TRUE
51,FALSE
48,FALSE
19,TRUE
80,TRUE
28,TRUE
76,TRUE
57,FALSE
30,TRUE
28,TRUE
68,FALSE
22,FALSE
58,FALSE
10,TRUE
72,FALSE
87,TRUE
73,FALSE
27,TRUE
57,FALSE
82,FALSE
26,TRUE
45,FALSE
72,FALSE
12,TRUE
24,TRUE
24,FALSE
90,TRUE
97,FALSE
89,TRUE
60,FALSE
79,FALSE
59,FALSE
93,TRUE
77,TRUE
19,FALSE
73,TRUE
75,FALSE
83,FALSE
18,FALSE
98,FALSE
1,TRUE
21,FALSE
79,FALSE
67,FALSE
16,TRUE
82,TRUE
24,FALSE
39,FALSE
48,TRUE
70,TRUE
14,TRUE
93,FALSE
46,TRUE
85,TRUE
5,FALSE
53,FALSE
83,TRUE
47,TRUE
56,FALSE
8,FALSE
55,FALSE
66,TRUE
87,FALSE
2,FALSE
90,FALSE
1,FALSE
71,TRUE
89,FALSE
61,FALSE
52,TRUE
20,FALSE
18,FALSE
55,FALSE
3,FALSE
27,FALSE
15,FALSE
19,FALSE
69,FALSE
38,FALSE
93,FALSE
50,FALSE
42,FALSE
83,TRUE
97,FALSE
91,TRUE
84,FALSE
99,FALSE
62,FALSE
76,TRUE
2,FALSE
3,TRUE
56,FALSE
99,FALSE
48,FALSE
71,TRUE
69,TRUE
70,TRUE
80,TRUE
59,TRUE
3,TRUE
47,FALSE
16,FALSE
59,FALSE
28,TRUE
45,TRUE
42,TRUE
91,TRUE
48,FALSE
84,TRUE
100,FALSE
58,TRUE
80,TRUE
49,TRUE
5,TRUE
55,TRUE
26,TRUE
23,TRUE
87,TRUE
37,TRUE
43,FALSE
66,FALSE
11,FALSE
65,FALSE
43,TRUE
57,FALSE
44,TRUE
7,TRUE
26,FALSE
46,FALSE
77,TRUE
92,FALSE
85,TRUE
34,TRUE
4,FALSE
51,TRUE
38,TRUE
6,FALSE
3,TRUE
21,FALSE
84,FALSE
49,TRUE
67,TRUE
1,TRUE
37,TRUE
29,TRUE
1,FALSE
60,TRUE
44,TRUE
65,FALSE
71,TRUE
45,FALSE
60,FALSE
99,FALSE
63,TRUE
95,FALSE
70,TRUE
31,TRUE
62,TRUE
55,FALSE
57,TRUE
56,TRUE
28,FALSE
84,FALSE
2,TRUE
32,TRUE
51,FALSE
22,TRUE
65,TRUE
43,TRUE
43,FALSE
44,TRUE
19,FALSE
30,TRUE
75,FALSE
59,TRUE
97,TRUE
54,FALSE
28,FALSE
33,FALSE
92,FALSE
100,TRUE
28,FALSE
23,TRUE
19,TRUE
42,TRUE
77,TRUE
73,TRUE
29,TRUE
17,FALSE
68,TRUE
59,FALSE
52,TRUE
87,FALSE
60,FALSE
80,FALSE
27,TRUE
53,TRUE
33,FALSE
84,TRUE
92,FALSE
6,FALSE
97,TRUE
55,TRUE
90,FALSE
36,FALSE
73,FALSE
21,FALSE
42,FALSE
56,FALSE
3,FALSE
73,FALSE
32,FALSE
37,FALSE
48,FALSE
39,TRUE
31,FALSE
78,FALSE
11,FALSE
2,TRUE
45,FALSE
11,FALSE
42,TRUE
47,TRUE
45,FALSE
41,FALSE
64,FALSE
80,FALSE
20,TRUE
84,FALSE
72,FALSE
51,FALSE
60,FALSE
78,TRUE
78,TRUE
72,FALSE
26,TRUE
70,TRUE
85,TRUE
20,FALSE
20,FALSE
3,FALSE
47,FALSE
20,FALSE
22,FALSE
6,TRUE
75,FALSE
91,FALSE
6,TRUE
50,FALSE
56,FALSE
20,FALSE
20,TRUE
38,TRUE
94,TRUE
26,FALSE
13,TRUE
29,TRUE
69,TRUE
56,TRUE
14,TRUE
68,TRUE
64,FALSE
80,TRUE
18,TRUE
13,TRUE
90,TRUE
26,TRUE
24,TRUE
36,FALSE
55,TRUE
92,TRUE
6,FALSE
44,TRUE
64,TRUE
5,FALSE
88,TRUE
51,FALSE
65,FALSE
47,TRUE
93,TRUE
18,FALSE
46,TRUE
46,TRUE
33,TRUE
21,FALSE
73,TRUE
20,TRUE
43,TRUE
63,TRUE
47,TRUE
63,FALSE
91,TRUE
6,FALSE
51,TRUE
42,TRUE
66,TRUE
78,TRUE
83,FALSE
6,FALSE
66,TRUE
46,FALSE
39,TRUE
15,TRUE
60,FALSE
24,TRUE
85,TRUE
85,TRUE
81,TRUE
40,TRUE
40,TRUE
92,TRUE
47,TRUE
58,TRUE
47,TRUE
32,TRUE
86,FALSE
57,TRUE
54,FALSE
49,FALSE
50,FALSE
17,TRUE
34,FALSE
78,TRUE
60,TRUE
37,TRUE
50,TRUE
73,TRUE
74,TRUE
89,TRUE
80,TRUE
15,TRUE
10,FALSE
3,FALSE
70,TRUE
94,TRUE
35,FALSE
28,FALSE
73,FALSE
6,TRUE
62,TRUE
94,FALSE
18,TRUE
32,TRUE
8,TRUE
13,TRUE
30,FALSE
27,TRUE
7,TRUE
74,FALSE
79,FALSE
85,TRUE
94,FALSE
74,TRUE
52,TRUE
77,FALSE
13,TRUE
70,FALSE
39,FALSE
4,TRUE
41,FALSE
8,FALSE
23,FALSE
77,FALSE
20,FALSE
4,TRUE
84,FALSE
3,TRUE
94,FALSE
82,FALSE
11,FALSE
4,TRUE
46,FALSE
86,FALSE
59,FALSE
34,TRUE
98,TRUE
96,TRUE
18,FALSE
66,FALSE
74,FALSE
86,FALSE
59,FALSE
77,FALSE
70,TRUE
65,TRUE
53,FALSE
45,TRUE
42,FALSE
28,TRUE
28,FALSE
22,FALSE
56,TRUE
52,TRUE
73,TRUE
89,FALSE
94,TRUE
74,TRUE
63,FALSE
88,FALSE
79,FALSE
73,TRUE
8,FALSE
47,FALSE
46,FALSE
38,FALSE
86,TRUE
18,TRUE
53,TRUE
85,FALSE
70,FALSE
67,FALSE
30,TRUE
68,FALSE
6,FALSE
81,TRUE
99,FALSE
56,FALSE
80,FALSE
1,TRUE
3,FALSE
74,TRUE
7,TRUE
37,TRUE
5,TRUE
100,TRUE
6,TRUE
81,TRUE
16,TRUE
80,TRUE
20,TRUE
85,TRUE
49,TRUE
60,TRUE
54,TRUE
2,TRUE
62,TRUE
52,FALSE
87,FALSE
96,TRUE
51,TRUE
82,TRUE
58,FALSE
5,FALSE
17,TRUE
15,TRUE
42,TRUE
35,TRUE
80,TRUE
100,FALSE
68,TRUE
95,TRUE
67,TRUE
12,TRUE
30,TRUE
54,TRUE
88,TRUE
52,TRUE
27,TRUE
42,TRUE
49,TRUE
35,FALSE
11,TRUE
49,TRUE
57,FALSE
57,FALSE
38,TRUE
80,FALSE
19,TRUE
48,TRUE
91,TRUE
75,TRUE
2,FALSE
27,TRUE
93,TRUE
64,FALSE
34,TRUE
12,FALSE
90,TRUE
26,TRUE
98,TRUE
42,TRUE
70,TRUE
68,FALSE
61,FALSE
27,TRUE
19,TRUE
82,FALSE
36,FALSE
11,FALSE
98,FALSE
81,FALSE
36,FALSE
8,FALSE
1,TRUE
62,TRUE
32,TRUE
21,TRUE
96,FALSE
28,TRUE
28,TRUE
92,TRUE
46,FALSE
95,FALSE
92,TRUE
31,TRUE
34,FALSE
96,FALSE
88,TRUE
26,TRUE
84,FALSE
71,TRUE
41,FALSE
27,TRUE
29,FALSE
74,TRUE
40,FALSE
11,TRUE
84,TRUE
60,FALSE
71,TRUE
28,TRUE
57,TRUE
45,FALSE
3,TRUE
48,FALSE
1,FALSE
69,TRUE
20,TRUE
17,TRUE
40,TRUE
7,TRUE
9,TRUE
36,TRUE
97,FALSE
65,TRUE
67,FALSE
50,TRUE
92,TRUE
82,TRUE
33,TRUE
70,TRUE
84,FALSE
51,FALSE
57,FALSE
48,FALSE
75,FALSE
31,TRUE
73,FALSE
7,TRUE
90,TRUE
53,FALSE
96,FALSE
69,FALSE
74,FALSE
13,FALSE
97,TRUE
54,FALSE
59,TRUE
40,TRUE
58,FALSE
6,TRUE
35,TRUE
50,FALSE
4,FALSE
9,TRUE
59,FALSE
59,FALSE
42,FALSE
79,FALSE
92,FALSE
52,TRUE
88,TRUE
2,TRUE
30,TRUE
8,FALSE
35,FALSE
3,TRUE
47,TRUE
49,TRUE
100,FALSE
13,TRUE
43,FALSE
16,TRUE
82,TRUE
53,FALSE
82,TRUE
38,FALSE
16,TRUE
51,TRUE
24,TRUE
38,TRUE
70,TRUE
10,TRUE
56,FALSE
25,TRUE
90,TRUE
94,TRUE
66,FALSE
4,TRUE
24,TRUE
19,TRUE
91,FALSE
44,TRUE
90,TRUE
88,TRUE
29,TRUE
13,TRUE
57,TRUE
91,TRUE
91,TRUE
26,TRUE
37,TRUE
20,TRUE
25,TRUE
53,TRUE
62,FALSE
89,FALSE
1,TRUE
83,TRUE
20,FALSE
95,TRUE
85,TRUE
63,TRUE
5,TRUE
25,TRUE
30,TRUE
34,TRUE
31,FALSE
16,FALSE
99,FALSE
63,TRUE
81,FALSE
97,TRUE
20,FALSE
65,TRUE
77,TRUE
72,TRUE
95,TRUE
40,FALSE
12,FALSE
66,FALSE
53,FALSE
39,TRUE
35,TRUE
69,TRUE
91,TRUE
90,TRUE
82,FALSE
40,FALSE
65,TRUE
46,TRUE
64,FALSE
100,FALSE
27,TRUE
59,TRUE
77,FALSE
84,FALSE
44,FALSE
22,TRUE
23,TRUE
63,FALSE
49,TRUE
9,TRUE
40,TRUE
83,TRUE
17,TRUE
90,TRUE
45,FALSE
1,TRUE
71,FALSE
23,TRUE
45,FALSE
7,FALSE
45,TRUE
37,FALSE
72,TRUE
37,TRUE
92,TRUE
44,TRUE
34,TRUE
13,TRUE
84,FALSE
71,FALSE
94,TRUE
11,FALSE
91,FALSE
1,FALSE
66,FALSE
20,TRUE
92,TRUE
49,FALSE
91,TRUE
77,FALSE
81,FALSE
28,TRUE
50,FALSE
60,FALSE
47,FALSE
19,FALSE
71,FALSE
12,FALSE
51,FALSE
29,FALSE
35,TRUE
78,FALSE
12,FALSE
4,FALSE
65,FALSE
36,FALSE
55,FALSE
33,FALSE
43,FALSE
4,FALSE
27,FALSE
36,FALSE
83,FALSE
15,FALSE
71,FALSE
70,FALSE
10,FALSE
69,TRUE
81,FALSE
100,FALSE
67,FALSE
46,TRUE
12,TRUE
55,TRUE
29,TRUE
20,TRUE
35,FALSE
77,TRUE
69,TRUE
91,TRUE
68,FALSE
7,TRUE
6,TRUE
16,TRUE
78,FALSE
72,FALSE
84,TRUE
86,FALSE
41,FALSE
2,TRUE
21,TRUE
92,TRUE
91,TRUE
68,FALSE
86,FALSE
55,FALSE
29,FALSE
53,TRUE
77,TRUE
30,FALSE
59,FALSE
55,FALSE
42,FALSE
5,TRUE
46,TRUE
69,TRUE
86,TRUE
7,TRUE
50,FALSE
48,TRUE
25,TRUE
74,TRUE
94,TRUE
92,TRUE
20,TRUE
44,FALSE
89,TRUE
43,TRUE
12,TRUE
63,TRUE
80,TRUE
100,FALSE
76,FALSE
21,TRUE
51,TRUE
97,TRUE
20,FALSE
59,TRUE
72,TRUE
70,FALSE
85,FALSE
49,FALSE
51,TRUE
60,TRUE
7,FALSE
20,FALSE
41,FALSE
3,FALSE
72,TRUE
29,TRUE
88,TRUE
18,TRUE
1,FALSE
20,FALSE
32,TRUE
11,FALSE
89,TRUE
36,FALSE
18,TRUE
81,TRUE
35,FALSE
11,FALSE
46,TRUE
70,FALSE
8,FALSE
38,TRUE
60,FALSE
87,FALSE
65,FALSE
13,TRUE
78,FALSE
27,FALSE
56,TRUE
88,FALSE
75,TRUE
54,FALSE
47,FALSE
99,TRUE
55,FALSE
76,TRUE
5,FALSE
50,TRUE
76,FALSE
8,FALSE
4,TRUE
64,TRUE
81,FALSE
55,FALSE
40,TRUE
35,TRUE
20,FALSE
45,FALSE
86,TRUE
12,FALSE
53,FALSE
98,FALSE
49,FALSE
93,TRUE
97,TRUE
73,FALSE
63,FALSE
56,FALSE
17,TRUE
65,FALSE
45,FALSE
7,TRUE
57,TRUE
67,FALSE
98,FALSE
58,FALSE
33,FALSE
98,FALSE
76,FALSE
32,FALSE
27,FALSE
68,FALSE
66,FALSE
74,TRUE
42,TRUE
86,FALSE
66,TRUE
57,TRUE
85,TRUE
25,TRUE
36,FALSE
15,TRUE
47,TRUE
66,TRUE
9,TRUE
20,FALSE
42,TRUE
30,TRUE
3,TRUE
52,TRUE
67,TRUE
47,TRUE
59,TRUE
45,TRUE
61,TRUE
4,TRUE
33,TRUE
30,TRUE
11,TRUE
84,TRUE
30,TRUE
20,TRUE
77,TRUE
34,FALSE
79,TRUE
29,TRUE
59,TRUE
18,TRUE
73,TRUE
18,TRUE
44,TRUE
94,FALSE
11,TRUE
38,FALSE
47,TRUE
16,TRUE
61,TRUE
45,FALSE
16,TRUE
37,TRUE
60,TRUE
5,TRUE
78,TRUE
54,FALSE
18,TRUE
16,TRUE
14,FALSE
63,TRUE
60,TRUE
47,FALSE
59,TRUE
82,FALSE
31,TRUE
39,TRUE
76,TRUE
21,TRUE
88,TRUE
53,TRUE
25,FALSE
68,TRUE
35,TRUE
37,FALSE
76,FALSE
83,FALSE
18,FALSE
61,FALSE
37,FALSE
54,FALSE
23,TRUE
98,FALSE
71,FALSE
50,FALSE
5,TRUE
34,TRUE
5,TRUE
53,FALSE
45,TRUE
69,TRUE
6,TRUE
91,TRUE
81,FALSE
86,FALSE
51,TRUE
3,FALSE
90,TRUE
4,TRUE
11,FALSE
6,FALSE
99,FALSE
14,FALSE
86,FALSE
48,TRUE
70,TRUE
23,TRUE
61,FALSE
92,FALSE
50,FALSE
2,FALSE
68,FALSE
73,FALSE
6,FALSE
62,TRUE
45,FALSE
57,FALSE
20,TRUE
22,TRUE
56,FALSE
46,TRUE
8,TRUE
23,FALSE
87,TRUE
96,FALSE
8,FALSE
65,FALSE
66,FALSE
26,FALSE
44,FALSE
7,FALSE
26,FALSE
20,TRUE
99,FALSE
42,TRUE
74,TRUE
23,FALSE
89,FALSE
13,TRUE
49,FALSE
90,FALSE
24,FALSE
25,FALSE
65,FALSE
52,FALSE
92,FALSE
86,FALSE
70,FALSE
92,FALSE
82,FALSE
18,FALSE
30,TRUE
1,FALSE
98,TRUE
81,TRUE
59,TRUE
97,TRUE
62,FALSE
38,FALSE
32,TRUE
69,TRUE
97,FALSE
19,TRUE
27,TRUE
68,FALSE
34,FALSE
44,TRUE
70,TRUE
52,TRUE
24,TRUE
78,FALSE
37,TRUE
75,FALSE
66,TRUE
71,TRUE
31,TRUE
67,TRUE
23,TRUE
73,TRUE
63,FALSE
67,TRUE
88,TRUE
96,TRUE
19,FALSE
82,TRUE
3,FALSE
61,FALSE
31,TRUE
12,FALSE
37,TRUE
56,TRUE
72,FALSE
91,TRUE
62,FALSE
62,TRUE
52,TRUE
31,FALSE
16,FALSE
8,FALSE
80,TRUE
81,FALSE
92,TRUE
50,TRUE
24,FALSE
65,TRUE
2,TRUE
96,TRUE
98,TRUE
32,TRUE
75,TRUE
34,TRUE
7,TRUE
84,TRUE
54,TRUE
33,TRUE
41,TRUE
52,TRUE
82,TRUE
21,FALSE
16,FALSE
60,FALSE
26,FALSE
47,FALSE
26,TRUE
49,TRUE
34,FALSE
27,TRUE
79,FALSE
96,TRUE
19,TRUE
72,TRUE
36,TRUE
66,FALSE
25,TRUE
19,TRUE
82,FALSE
78,FALSE
6,FALSE
69,FALSE
80,FALSE
13,TRUE
71,TRUE
14,TRUE
55,FALSE
22,FALSE
53,TRUE
15,TRUE
48,TRUE
65,TRUE
51,TRUE
41,TRUE
40,TRUE
3,TRUE
82,FALSE
33,TRUE
29,FALSE
52,TRUE
24,FALSE
27,FALSE
32,TRUE
3,TRUE
75,FALSE
8,TRUE
66,TRUE
28,FALSE
58,TRUE
76,FALSE
9,TRUE
25,TRUE
71,TRUE
69,TRUE
28,TRUE
30,TRUE
32,FALSE
25,TRUE
67,FALSE
14,TRUE
25,TRUE
64,TRUE
87,FALSE
83,FALSE
15,TRUE
48,TRUE
63,FALSE
70,FALSE
41,FALSE
13,FALSE
26,FALSE
19,FALSE
57,TRUE
40,TRUE
68,FALSE
80,FALSE
55,FALSE
100,TRUE
10,FALSE
29,FALSE
19,TRUE
48,TRUE
92,TRUE
96,TRUE
69,FALSE
80,TRUE
97,TRUE
24,FALSE
14,FALSE
24,TRUE
40,FALSE
100,FALSE
32,FALSE
64,TRUE
97,TRUE
32,TRUE
56,FALSE
64,FALSE
25,FALSE
8,FALSE
49,TRUE
100,FALSE
54,TRUE
18,FALSE
80,FALSE
84,TRUE
100,TRUE
76,FALSE
34,FALSE
96,FALSE
34,FALSE
75,FALSE
44,FALSE
30,TRUE
63,FALSE
43,FALSE
22,FALSE
96,FALSE
45,TRUE
8,TRUE
45,TRUE
11,TRUE
62,TRUE
31,FALSE
14,TRUE
76,TRUE
49,TRUE
41,TRUE
79,TRUE
3,TRUE
81,TRUE
35,TRUE
75,TRUE
41,TRUE
4,TRUE
30,TRUE
78,TRUE
39,TRUE
89,TRUE
96,TRUE
52,TRUE
53,FALSE
19,FALSE
2,TRUE
19,FALSE
97,TRUE
40,TRUE
60,TRUE
37,TRUE
13,TRUE
45,TRUE
54,FALSE
59,TRUE
58,FALSE
57,TRUE
36,FALSE
88,TRUE
58,FALSE
45,TRUE
41,TRUE
83,TRUE
4,FALSE
79,FALSE
60,FALSE
9,TRUE
84,TRUE
60,FALSE
15,TRUE
60,FALSE
42,TRUE
15,FALSE
94,TRUE
100,TRUE
4,TRUE
78,TRUE
59,FALSE
11,TRUE
38,TRUE
11,FALSE
44,FALSE
84,TRUE
7,TRUE
82,TRUE
43,FALSE
66,FALSE
78,TRUE
54,FALSE
92,TRUE
92,TRUE
80,TRUE
32,TRUE
17,TRUE
98,FALSE
30,FALSE
5,FALSE
28,TRUE
70,FALSE
61,FALSE
50,TRUE
1,TRUE
66,TRUE
81,FALSE
37,TRUE
93,FALSE
44,TRUE
79,FALSE
37,TRUE
95,TRUE
57,FALSE
70,TRUE
77,TRUE
92,TRUE
38,TRUE
76,FALSE
30,TRUE
23,FALSE
93,TRUE
50,FALSE
78,TRUE
49,FALSE
41,FALSE
67,TRUE
84,FALSE
53,TRUE
57,TRUE
68,TRUE
96,FALSE
1,FALSE
34,FALSE
89,FALSE
69,FALSE
16,TRUE
54,FALSE
3,FALSE
80,FALSE
77,FALSE
31,FALSE
81,FALSE
68,FALSE
52,FALSE
81,FALSE
40,TRUE
96,TRUE
22,TRUE
67,FALSE
12,TRUE
76,FALSE
63,TRUE
4,TRUE
72,TRUE
57,FALSE
27,FALSE
43,FALSE
70,FALSE
55,TRUE
47,FALSE
13,FALSE
64,FALSE
60,FALSE
67,FALSE
50,FALSE
74,FALSE
9,TRUE
53,FALSE
64,FALSE
44,FALSE
73,FALSE
70,TRUE
41,FALSE
5,FALSE
98,FALSE
58,FALSE
13,FALSE
61,FALSE
34,TRUE
29,TRUE
1,FALSE
70,TRUE
12,TRUE
100,TRUE
5,TRUE
68,FALSE
78,TRUE
96,TRUE
65,TRUE
80,TRUE
59,TRUE
75,TRUE
54,TRUE
65,TRUE
11,TRUE
6,TRUE
62,FALSE
40,TRUE
37,TRUE
14,TRUE
90,TRUE
54,TRUE
60,TRUE
39,TRUE
51,TRUE
5,TRUE
75,TRUE
56,TRUE
3,TRUE
88,FALSE
79,FALSE
44,FALSE
31,TRUE
90,TRUE
63,FALSE
10,FALSE
40,TRUE
7,FALSE
24,TRUE
58,FALSE
34,FALSE
47,FALSE
32,FALSE
99,TRUE
89,TRUE
48,FALSE
77,TRUE
90,TRUE
72,TRUE
10,TRUE
25,TRUE
45,TRUE
69,FALSE
43,TRUE
84,FALSE
2,FALSE
70,FALSE
42,TRUE
10,TRUE
36,FALSE
65,TRUE
73,TRUE
67,TRUE
21,FALSE
14,TRUE
82,TRUE
19,FALSE
49,TRUE
83,FALSE
37,TRUE
8,TRUE
80,TRUE
55,TRUE
76,FALSE
2,TRUE
69,TRUE
69,FALSE
88,FALSE
96,TRUE
7,FALSE
50,TRUE
70,TRUE
67,FALSE
59,FALSE
13,TRUE
15,FALSE
45,TRUE
15,TRUE
1,TRUE
11,TRUE
39,TRUE
49,FALSE
13,TRUE
1,TRUE
79,FALSE
14,TRUE
96,TRUE
13,TRUE
96,FALSE
85,TRUE
2,FALSE
48,FALSE
7,TRUE
1,FALSE
46,FALSE
18,FALSE
31,FALSE
30,FALSE
74,FALSE
11,TRUE
96,FALSE
66,FALSE
48,TRUE
71,FALSE
89,TRUE
100,FALSE
56,FALSE
70,TRUE
48,TRUE
49,FALSE
38,FALSE
63,TRUE
96,TRUE
22,FALSE
46,FALSE
15,FALSE
43,TRUE
74,TRUE
53,FALSE
9,FALSE
96,TRUE
51,FALSE
67,FALSE
28,FALSE
54,TRUE
88,FALSE
55,FALSE
40,FALSE
62,FALSE
13,FALSE
77,TRUE
31,TRUE
58,TRUE
98,TRUE
41,FALSE
4,FALSE
23,TRUE
25,TRUE
54,TRUE
73,TRUE
100,FALSE
14,FALSE
88,TRUE
39,TRUE
10,FALSE
58,FALSE
100,FALSE
94,FALSE
89,FALSE
21,TRUE
63,FALSE
27,FALSE
21,TRUE
52,TRUE
62,FALSE
87,FALSE
92,FALSE
72,FALSE
7,FALSE
55,TRUE
68,FALSE
63,TRUE
61,FALSE
52,FALSE
74,FALSE
89,TRUE
39,TRUE
100,TRUE
1,FALSE
49,TRUE
3,TRUE
12,TRUE
4,FALSE
88,TRUE
13,TRUE
30,FALSE
23,TRUE
47,FALSE
78,FALSE
35,TRUE
50,TRUE
70,TRUE
71,TRUE
4,TRUE
80,TRUE
77,TRUE
19,TRUE
56,FALSE
49,TRUE
28,TRUE
44,TRUE
69,TRUE
66,TRUE
17,TRUE
36,FALSE
16,TRUE
88,FALSE
4,TRUE
67,TRUE
48,TRUE
79,FALSE
90,FALSE
13,TRUE
82,TRUE
37,TRUE
70,FALSE
58,TRUE
44,TRUE
19,TRUE
17,TRUE
24,TRUE
94,FALSE
29,TRUE
98,FALSE
10,FALSE
96,TRUE
25,TRUE
99,TRUE
64,TRUE
47,FALSE
18,TRUE
70,TRUE
30,FALSE
77,TRUE
18,TRUE
44,TRUE
3,TRUE
89,FALSE
36,FALSE
30,FALSE
14,TRUE
58,TRUE
17,FALSE
55,TRUE
35,FALSE
66,FALSE
70,TRUE
87,FALSE
41,FALSE
6,TRUE
85,TRUE
84,TRUE
93,TRUE
59,FALSE
71,FALSE
25,TRUE
81,FALSE
81,FALSE
70,FALSE
90,TRUE
56,TRUE
94,FALSE
44,TRUE
44,FALSE
99,FALSE
85,TRUE
40,TRUE
71,FALSE
13,FALSE
4,FALSE
85,TRUE
17,TRUE
100,FALSE
7,FALSE
79,TRUE
90,FALSE
57,FALSE
35,TRUE
92,TRUE
93,TRUE
19,TRUE
78,TRUE
59,FALSE
71,TRUE
4,FALSE
81,FALSE
62,TRUE
29,FALSE
13,FALSE
28,FALSE
44,TRUE
24,TRUE
4,FALSE
76,FALSE
84,TRUE
87,FALSE
2,FALSE
86,FALSE
59,FALSE
50,TRUE
33,FALSE
44,TRUE
2,FALSE
62,TRUE
59,TRUE
22,FALSE
68,FALSE
71,FALSE
86,FALSE
87,TRUE
93,FALSE
69,FALSE
10,TRUE
49,FALSE
20,FALSE
54,FALSE
25,FALSE
48,TRUE
87,FALSE
37,FALSE
5,FALSE
30,FALSE
53,FALSE
80,TRUE
11,FALSE
66,FALSE
8,TRUE
52,TRUE
78,TRUE
59,TRUE
42,TRUE
23,FALSE
69,FALSE
62,FALSE
92,TRUE
69,TRUE
68,TRUE
38,FALSE
52,TRUE
72,FALSE
26,TRUE
72,FALSE
49,TRUE
44,TRUE
2,TRUE
31,TRUE
18,TRUE
4,FALSE
63,FALSE
38,TRUE
96,TRUE
42,TRUE
73,TRUE
1,TRUE
11,TRUE
75,FALSE
13,TRUE
99,TRUE
8,TRUE
18,TRUE
40,TRUE
28,FALSE
78,TRUE
98,TRUE
97,TRUE
5,TRUE
57,TRUE
70,TRUE
75,TRUE
89,TRUE
64,TRUE
91,FALSE
83,TRUE
57,FALSE
43,TRUE
57,TRUE
16,TRUE
66,FALSE
8,TRUE
32,FALSE
44,TRUE
1,TRUE
68,FALSE
88,TRUE
66,TRUE
29,TRUE
78,TRUE
32,TRUE
88,FALSE
44,FALSE
17,TRUE
39,TRUE
8,TRUE
66,FALSE
76,FALSE
98,TRUE
100,TRUE
45,FALSE
44,TRUE
30,TRUE
54,TRUE
72,TRUE
42,TRUE
14,FALSE
97,TRUE
62,TRUE
17,TRUE
85,TRUE
52,TRUE
57,TRUE
57,FALSE
73,FALSE
70,FALSE
79,FALSE
92,TRUE
69,FALSE
14,TRUE
11,TRUE
5,TRUE
4,FALSE
66,TRUE
8,TRUE
61,FALSE
36,TRUE
1,FALSE
10,FALSE
8,TRUE
52,FALSE
32,FALSE
51,FALSE
81,FALSE
27,FALSE
65,FALSE
39,TRUE
4,TRUE
12,TRUE
86,FALSE
92,FALSE
8,FALSE
73,FALSE
97,TRUE
35,FALSE
25,TRUE
63,TRUE
51,TRUE
67,TRUE
28,FALSE
79,TRUE
69,FALSE
79,TRUE
88,FALSE
74,TRUE
4,FALSE
75,FALSE
59,FALSE
58,TRUE
52,TRUE
57,FALSE
47,FALSE
2,TRUE
69,TRUE
76,FALSE
26,FALSE
59,TRUE
64,FALSE
58,FALSE
32,FALSE
6,FALSE
56,FALSE
93,TRUE
18,TRUE
95,FALSE
50,TRUE
6,TRUE
66,FALSE
25,FALSE
45,FALSE
13,TRUE
2,FALSE
73,TRUE
22,FALSE
1,FALSE
56,FALSE
38,TRUE
50,TRUE
43,TRUE
54,FALSE
93,FALSE
39,FALSE
12,FALSE
66,TRUE
91,FALSE
68,FALSE
9,FALSE
54,FALSE
52,FALSE
15,TRUE
24,TRUE
67,FALSE
63,FALSE
100,TRUE
46,TRUE
43,TRUE
91,FALSE
87,TRUE
88,TRUE
55,TRUE
86,TRUE
76,TRUE
23,FALSE
46,FALSE
17,FALSE
76,TRUE
31,TRUE
21,TRUE
10,TRUE
5,TRUE
92,FALSE
46,TRUE
48,TRUE
88,TRUE
61,TRUE
37,TRUE
18,TRUE
90,TRUE
78,TRUE
28,TRUE
12,TRUE
16,FALSE
25,TRUE
6,TRUE
71,TRUE
63,TRUE
4,TRUE
31,TRUE
9,TRUE
91,TRUE
79,TRUE
89,TRUE
19,TRUE
28,TRUE
34,TRUE
69,FALSE
87,FALSE
45,TRUE
42,FALSE
73,FALSE
29,TRUE
32,FALSE
5,FALSE
93,TRUE
96,TRUE
1,TRUE
91,TRUE
45,TRUE
88,FALSE
24,TRUE
48,TRUE
50,FALSE
74,TRUE
68,FALSE
87,FALSE
30,FALSE
40,TRUE
29,FALSE
49,TRUE
20,FALSE
46,TRUE
62,TRUE
72,TRUE
64,TRUE
73,TRUE
23,TRUE
19,TRUE
42,FALSE
15,FALSE
49,FALSE
57,FALSE
23,TRUE
80,TRUE
26,FALSE
49,FALSE
20,FALSE
30,TRUE
40,FALSE
4,TRUE
45,FALSE
28,TRUE
57,TRUE
3,FALSE
34,TRUE
11,TRUE
38,TRUE
3,FALSE
14,TRUE
69,TRUE
68,FALSE
98,FALSE
61,TRUE
88,FALSE
93,FALSE
10,FALSE
38,TRUE
17,TRUE
19,FALSE
99,TRUE
87,FALSE
59,TRUE
1,FALSE
98,FALSE
33,TRUE
55,TRUE
76,TRUE
58,FALSE
51,TRUE
41,FALSE
10,TRUE
38,TRUE
94,FALSE
9,FALSE
49,FALSE
37,FALSE
41,FALSE
52,FALSE
37,FALSE
74,FALSE
69,TRUE
3,TRUE
16,TRUE
10,TRUE
48,FALSE
48,TRUE
29,FALSE
72,FALSE
72,FALSE
23,FALSE
64,TRUE
67,TRUE
58,FALSE
40,FALSE
4,FALSE
38,FALSE
20,FALSE
92,FALSE
57,FALSE
72,FALSE
35,FALSE
45,FALSE
21,TRUE
71,FALSE
55,FALSE
41,FALSE
79,TRUE
29,FALSE
60,FALSE
98,TRUE
98,FALSE
68,FALSE
6,TRUE
84,FALSE
20,FALSE
64,FALSE
24,FALSE
12,FALSE
45,TRUE
10,TRUE
78,FALSE
31,FALSE
28,TRUE
4,TRUE
62,TRUE
63,TRUE
72,TRUE
57,FALSE
67,TRUE
17,TRUE
80,FALSE
4,TRUE
22,TRUE
66,FALSE
32,TRUE
47,TRUE
98,TRUE
29,TRUE
14,TRUE
44,TRUE
76,TRUE
70,FALSE
87,TRUE
45,TRUE
68,TRUE
98,TRUE
85,TRUE
68,FALSE
17,FALSE
98,TRUE
41,TRUE
71,TRUE
61,FALSE
79,TRUE
15,TRUE
100,TRUE
62,FALSE
51,TRUE
77,FALSE
31,TRUE
61,TRUE
14,TRUE
1,TRUE
86,TRUE
93,FALSE
43,TRUE
51,TRUE
51,TRUE
92,TRUE
49,TRUE
69,TRUE
83,TRUE
5,FALSE
98,TRUE
86,TRUE
83,TRUE
99,TRUE
82,FALSE
59,FALSE
55,FALSE
49,TRUE
25,TRUE
39,TRUE
92,FALSE
77,FALSE
52,FALSE
74,FALSE
40,TRUE
60,TRUE
91,TRUE
15,TRUE
26,FALSE
85,FALSE
28,TRUE
60,FALSE
26,TRUE
66,FALSE
21,TRUE
3,TRUE
44,TRUE
4,FALSE
87,FALSE
86,FALSE
82,FALSE
32,TRUE
41,TRUE
87,FALSE
36,TRUE
26,TRUE
76,FALSE
65,FALSE
79,TRUE
62,TRUE
30,TRUE
58,FALSE
94,TRUE
18,FALSE
60,TRUE
76,TRUE
42,TRUE
60,TRUE
34,TRUE
19,TRUE
23,TRUE
32,FALSE
50,FALSE
100,TRUE
73,TRUE
6,TRUE
58,TRUE
22,TRUE
25,FALSE
33,FALSE
61,FALSE
78,TRUE
91,TRUE
87,FALSE
44,FALSE
47,FALSE
24,TRUE
5,TRUE
97,TRUE
99,FALSE
51,FALSE
67,FALSE
40,FALSE
77,TRUE
66,FALSE
17,FALSE
63,TRUE
18,FALSE
59,FALSE
87,TRUE
45,FALSE
68,FALSE
80,TRUE
100,FALSE
31,TRUE
24,TRUE
82,TRUE
34,FALSE
25,TRUE
98,FALSE
74,FALSE
48,FALSE
68,TRUE
62,FALSE
21,FALSE
1,FALSE
80,FALSE
53,FALSE
100,FALSE
42,FALSE
63,TRUE
72,FALSE
36,TRUE
22,FALSE
59,FALSE
24,FALSE
79,TRUE
79,FALSE
81,FALSE
47,FALSE
78,TRUE
34,TRUE
59,TRUE
6,TRUE
41,TRUE
98,TRUE
100,TRUE
25,TRUE
43,TRUE
36,TRUE
46,TRUE
78,FALSE
45,TRUE
71,FALSE
21,TRUE
55,TRUE
87,FALSE
92,TRUE
28,TRUE
26,TRUE
38,TRUE
97,TRUE
3,FALSE
10,TRUE
62,TRUE
48,TRUE
99,TRUE
72,TRUE
25,FALSE
82,TRUE
41,FALSE
53,TRUE
69,TRUE
79,TRUE
70,TRUE
1,TRUE
28,TRUE
56,TRUE
52,FALSE
75,TRUE
3,FALSE
31,TRUE
62,TRUE
14,FALSE
35,TRUE
70,TRUE
52,TRUE
2,FALSE
20,TRUE
86,TRUE
20,TRUE
66,TRUE
49,TRUE
38,TRUE
70,TRUE
81,TRUE
95,FALSE
9,FALSE
81,TRUE
81,FALSE
73,FALSE
81,TRUE
6,TRUE
68,TRUE
46,FALSE
93,FALSE
27,FALSE
97,FALSE
50,FALSE
47,TRUE
98,TRUE
82,TRUE
27,TRUE
88,TRUE
26,TRUE
2,TRUE
42,TRUE
31,TRUE
5,FALSE
82,FALSE
65,FALSE
19,FALSE
90,FALSE
93,FALSE
63,TRUE
17,FALSE
92,TRUE
62,FALSE
21,TRUE
29,FALSE
54,FALSE
62,TRUE
53,FALSE
100,FALSE
96,FALSE
22,TRUE
69,TRUE
25,TRUE
13,FALSE
30,TRUE
30,TRUE
41,TRUE
44,TRUE
38,FALSE
46,FALSE
16,FALSE
35,FALSE
55,TRUE
60,FALSE
95,FALSE
27,TRUE
59,TRUE
89,FALSE
72,TRUE
70,TRUE
33,TRUE
65,FALSE
2,FALSE
36,TRUE
43,FALSE
34,FALSE
30,TRUE
70,FALSE
54,FALSE
100,FALSE
19,TRUE
48,FALSE
80,FALSE
13,FALSE
95,FALSE
51,TRUE
12,TRUE
48,TRUE
71,FALSE
62,FALSE
1,FALSE
51,TRUE
61,FALSE
10,FALSE
95,FALSE
14,TRUE
99,FALSE
48,FALSE
32,FALSE
98,FALSE
96,FALSE
90,FALSE
38,TRUE
27,FALSE
79,FALSE
27,FALSE
45,FALSE
91,TRUE
58,TRUE
93,TRUE
96,TRUE
16,FALSE
45,TRUE
5,TRUE
8,TRUE
24,FALSE
93,FALSE
43,TRUE
29,TRUE
60,TRUE
89,TRUE
6,TRUE
38,TRUE
89,TRUE
12,FALSE
87,TRUE
46,TRUE
65,TRUE
94,TRUE
19,TRUE
17,TRUE
37,TRUE
16,TRUE
87,FALSE
50,TRUE
30,FALSE
12,FALSE
39,TRUE
50,TRUE
27,FALSE
38,TRUE
19,FALSE
91,FALSE
35,TRUE
48,FALSE
36,TRUE
72,TRUE
93,FALSE
28,TRUE
78,TRUE
17,TRUE
74,TRUE
4,TRUE
98,FALSE
37,TRUE
34,FALSE
53,TRUE
28,TRUE
41,TRUE
13,FALSE
76,FALSE
36,FALSE
7,TRUE
62,FALSE
28,TRUE
22,FALSE
50,TRUE
27,FALSE
56,TRUE
26,TRUE
79,TRUE
89,TRUE
63,TRUE
96,TRUE
25,TRUE
21,TRUE
35,TRUE
93,TRUE
7,FALSE
4,TRUE
18,TRUE
90,FALSE
31,TRUE
64,TRUE
98,TRUE
56,FALSE
74,FALSE
75,FALSE
80,TRUE
58,FALSE
36,FALSE
52,TRUE
73,FALSE
39,TRUE
2,TRUE
87,TRUE
26,TRUE
51,FALSE
79,TRUE
85,TRUE
8,FALSE
4,FALSE
100,TRUE
85,FALSE
20,FALSE
86,TRUE
66,FALSE
13,TRUE
7,TRUE
15,FALSE
65,FALSE
100,TRUE
77,FALSE
94,FALSE
22,FALSE
30,FALSE
45,FALSE
90,FALSE
68,TRUE
69,FALSE
20,FALSE
12,FALSE
18,FALSE
37,FALSE
13,FALSE
56,TRUE
10,TRUE
86,TRUE
69,FALSE
88,FALSE
95,FALSE
4,FALSE
72,FALSE
53,FALSE
31,TRUE
25,TRUE
12,TRUE
33,TRUE
45,TRUE
65,TRUE
26,FALSE
13,FALSE
46,TRUE
86,FALSE
2,FALSE
78,FALSE
57,FALSE
54,TRUE
47,FALSE
7,TRUE
46,TRUE
44,FALSE
49,TRUE
33,FALSE
16,TRUE
89,FALSE
97,FALSE
59,FALSE
83,TRUE
79,FALSE
61,TRUE
74,TRUE
54,FALSE
59,TRUE
13,TRUE
43,FALSE
94,TRUE
73,FALSE
23,FALSE
7,FALSE
77,FALSE
33,TRUE
69,FALSE
46,TRUE
82,FALSE
45,FALSE
30,FALSE
10,FALSE
81,FALSE
68,TRUE
100,TRUE
57,TRUE
69,TRUE
22,TRUE
64,TRUE
80,TRUE
72,TRUE
93,TRUE
17,FALSE
36,TRUE
83,TRUE
55,FALSE
10,TRUE
24,TRUE
44,TRUE
38,TRUE
34,FALSE
29,TRUE
83,TRUE
86,TRUE
91,TRUE
38,TRUE
88,TRUE
32,TRUE
71,TRUE
56,TRUE
39,FALSE
66,TRUE
76,TRUE
93,FALSE
33,TRUE
47,TRUE
54,FALSE
66,TRUE
53,TRUE
17,TRUE
20,TRUE
17,FALSE
62,FALSE
29,TRUE
27,TRUE
6,FALSE
25,TRUE
29,TRUE
38,TRUE
59,FALSE
61,TRUE
47,FALSE
73,TRUE
82,TRUE
80,TRUE
12,FALSE
43,FALSE
15,FALSE
40,TRUE
24,TRUE
88,FALSE
73,FALSE
86,TRUE
49,TRUE
89,TRUE
80,FALSE
86,TRUE
71,TRUE
54,TRUE
89,TRUE
16,TRUE
17,TRUE
78,FALSE
2,TRUE
7,FALSE
5,TRUE
72,FALSE
74,FALSE
79,TRUE
55,TRUE
24,FALSE
32,TRUE
84,FALSE
61,FALSE
34,FALSE
81,FALSE
61,TRUE
91,TRUE
21,TRUE
51,TRUE
38,FALSE
57,TRUE
26,FALSE
98,FALSE
89,FALSE
25,TRUE
84,FALSE
86,TRUE
94,FALSE
11,TRUE
32,TRUE
99,TRUE
71,FALSE
63,FALSE
27,FALSE
20,FALSE
14,TRUE
81,FALSE
89,FALSE
6,TRUE
29,TRUE
25,TRUE
59,FALSE
10,TRUE
72,TRUE
71,TRUE
9,FALSE
8,FALSE
74,TRUE
48,TRUE
2,FALSE
88,TRUE
38,FALSE
76,FALSE
79,TRUE
81,FALSE
65,FALSE
51,TRUE
46,TRUE
29,FALSE
62,FALSE
4,FALSE
33,FALSE
97,FALSE
73,FALSE
33,FALSE
70,TRUE
89,FALSE
56,FALSE
83,FALSE
61,TRUE
93,TRUE
37,FALSE
59,FALSE
76,FALSE
90,FALSE
28,FALSE
47,TRUE
41,FALSE
70,FALSE
41,FALSE
93,TRUE
74,TRUE
15,FALSE
44,FALSE
1,FALSE
43,FALSE
45,FALSE
88,TRUE
17,FALSE
45,FALSE
28,FALSE
85,FALSE
61,FALSE
85,FALSE
10,TRUE
73,FALSE
55,TRUE
58,TRUE
84,FALSE
38,TRUE
22,FALSE
25,FALSE
57,TRUE
7,TRUE
46,TRUE
98,TRUE
69,FALSE
100,TRUE
71,TRUE
44,TRUE
60,TRUE
47,TRUE
17,TRUE
54,TRUE
6,TRUE
41,TRUE
23,TRUE
17,FALSE
63,FALSE
30,TRUE
55,TRUE
44,TRUE
100,FALSE
30,TRUE
52,FALSE
25,TRUE
96,FALSE
7,TRUE
77,FALSE
29,FALSE
22,TRUE
39,TRUE
91,TRUE
85,TRUE
72,TRUE
28,FALSE
26,TRUE
6,FALSE
51,TRUE
9,FALSE
4,TRUE
95,TRUE
70,TRUE
42,TRUE
71,TRUE
70,TRUE
64,TRUE
37,FALSE
92,FALSE
74,TRUE
6,FALSE
83,TRUE
60,FALSE
86,TRUE
54,FALSE
93,FALSE
11,FALSE
100,TRUE
92,TRUE
99,TRUE
3,TRUE
91,TRUE
93,FALSE
89,TRUE
49,FALSE
53,TRUE
38,TRUE
60,FALSE
59,FALSE
97,TRUE
63,FALSE
11,FALSE
61,TRUE
26,FALSE
41,TRUE
37,FALSE
53,TRUE
7,FALSE
10,TRUE
10,TRUE
44,TRUE
83,TRUE
31,FALSE
18,FALSE
35,TRUE
22,TRUE
76,TRUE
38,TRUE
25,TRUE
27,TRUE
86,FALSE
77,TRUE
95,FALSE
28,FALSE
4,FALSE
21,FALSE
72,FALSE
44,FALSE
50,FALSE
97,FALSE
29,FALSE
47,FALSE
91,FALSE
96,TRUE
22,TRUE
54,FALSE
84,FALSE
76,FALSE
95,FALSE
3,TRUE
79,TRUE
67,TRUE
61,TRUE
18,FALSE
29,FALSE
7,TRUE
40,TRUE
94,FALSE
9,TRUE
76,FALSE
18,TRUE
55,FALSE
17,FALSE
95,TRUE
22,TRUE
35,FALSE
80,TRUE
19,FALSE
54,FALSE
24,FALSE
67,FALSE
76,FALSE
89,FALSE
14,TRUE
29,FALSE
58,FALSE
71,TRUE
43,TRUE
97,FALSE
96,FALSE
5,TRUE
64,FALSE
15,TRUE
11,FALSE
85,FALSE
91,FALSE
14,FALSE
49,FALSE
71,FALSE
42,FALSE
50,FALSE
25,FALSE
80,FALSE
47,TRUE
92,FALSE
20,TRUE
60,TRUE
78,TRUE
28,FALSE
76,TRUE
77,FALSE
99,FALSE
59,FALSE
41,TRUE
87,TRUE
70,TRUE
83,TRUE
97,TRUE
39,TRUE
35,TRUE
70,FALSE
23,TRUE
48,FALSE
13,TRUE
89,TRUE
46,FALSE
52,TRUE
12,FALSE
19,TRUE
23,TRUE
43,FALSE
47,FALSE
59,FALSE
17,TRUE
41,FALSE
35,FALSE
61,TRUE
86,TRUE
87,FALSE
11,TRUE
40,FALSE
99,TRUE
60,TRUE
3,TRUE
15,TRUE
96,FALSE
45,FALSE
76,FALSE
18,FALSE
12,TRUE
57,TRUE
93,TRUE
73,FALSE
78,TRUE
65,TRUE
33,TRUE
80,TRUE
2,TRUE
15,FALSE
15,FALSE
35,FALSE
44,TRUE
4,TRUE
18,TRUE
91,TRUE
47,FALSE
81,TRUE
89,FALSE
47,TRUE
66,FALSE
18,FALSE
26,TRUE
78,TRUE
73,FALSE
85,TRUE
11,TRUE
12,TRUE
64,FALSE
37,FALSE
23,TRUE
49,FALSE
26,FALSE
19,TRUE
48,TRUE
68,FALSE
55,FALSE
61,FALSE
9,FALSE
89,TRUE
98,FALSE
45,TRUE
55,TRUE
100,FALSE
91,TRUE
31,FALSE
2,TRUE
11,FALSE
44,FALSE
53,TRUE
66,TRUE
51,TRUE
65,FALSE
95,TRUE
49,TRUE
14,TRUE
92,FALSE
11,FALSE
96,TRUE
76,TRUE
32,FALSE
75,FALSE
3,TRUE
83,FALSE
80,FALSE
43,TRUE
56,FALSE
24,TRUE
3,TRUE
3,FALSE
53,FALSE
52,TRUE
33,FALSE
46,FALSE
17,TRUE
97,TRUE
83,TRUE
40,TRUE
97,FALSE
82,FALSE
87,FALSE
87,TRUE
54,FALSE
47,FALSE
43,TRUE
40,FALSE
7,FALSE
11,FALSE
3,FALSE
91,FALSE
93,TRUE
78,FALSE
40,FALSE
62,FALSE
89,FALSE
38,FALSE
100,FALSE
48,FALSE
18,TRUE
75,FALSE
86,FALSE
51,TRUE
52,TRUE
46,FALSE
5,TRUE
25,TRUE
75,TRUE
50,TRUE
43,TRUE
21,TRUE
10,TRUE
60,TRUE
100,TRUE
69,TRUE
39,TRUE
51,FALSE
39,FALSE
66,FALSE
99,FALSE
19,TRUE
83,TRUE
38,TRUE
97,FALSE
61,FALSE
40,TRUE
33,TRUE
87,TRUE
83,TRUE
95,TRUE
97,TRUE
19,TRUE
20,TRUE
35,TRUE
59,TRUE
33,FALSE
94,FALSE
87,TRUE
63,FALSE
4,TRUE
70,FALSE
83,TRUE
3,TRUE
48,TRUE
91,TRUE
6,TRUE
71,FALSE
27,FALSE
80,TRUE
64,TRUE
58,TRUE
74,TRUE
31,FALSE
37,FALSE
40,TRUE
92,TRUE
64,TRUE
64,TRUE
26,FALSE
78,TRUE
14,TRUE
57,FALSE
55,TRUE
17,FALSE
86,TRUE
8,TRUE
60,TRUE
100,TRUE
45,TRUE
17,TRUE
72,TRUE
14,TRUE
69,TRUE
55,FALSE
77,FALSE
69,TRUE
75,TRUE
29,TRUE
80,TRUE
79,TRUE
54,TRUE
91,TRUE
21,TRUE
41,TRUE
59,FALSE
73,TRUE
89,TRUE
81,FALSE
82,TRUE
87,TRUE
12,TRUE
83,FALSE
66,TRUE
78,TRUE
58,FALSE
68,FALSE
84,TRUE
90,FALSE
65,TRUE
10,FALSE
98,FALSE
23,FALSE
13,TRUE
49,TRUE
61,TRUE
76,FALSE
37,FALSE
79,TRUE
87,FALSE
89,FALSE
21,FALSE
45,TRUE
61,TRUE
2,FALSE
33,FALSE
5,FALSE
28,TRUE
89,FALSE
7,FALSE
59,TRUE
60,TRUE
40,TRUE
29,FALSE
15,FALSE
45,TRUE
11,FALSE
42,FALSE
13,FALSE
7,TRUE
7,TRUE
55,TRUE
93,FALSE
93,FALSE
81,TRUE
69,FALSE
77,TRUE
57,FALSE
45,FALSE
27,FALSE
24,FALSE
5,FALSE
73,FALSE
42,FALSE
74,FALSE
37,TRUE
26,FALSE
83,FALSE
40,TRUE
19,TRUE
69,FALSE
72,FALSE
66,TRUE
49,TRUE
82,FALSE
4,FALSE
31,FALSE
11,FALSE
12,FALSE
81,TRUE
48,TRUE
69,TRUE
65,FALSE
59,FALSE
40,TRUE
61,TRUE
60,FALSE
62,FALSE
2,FALSE
46,FALSE
14,TRUE
60,FALSE
61,FALSE
42,FALSE
18,TRUE
36,FALSE
13,TRUE
30,FALSE
86,FALSE
51,TRUE
32,FALSE
28,FALSE
95,FALSE
32,FALSE
43,FALSE
6,FALSE
19,FALSE
3,TRUE
54,TRUE
96,TRUE
49,FALSE
49,TRUE
84,TRUE
98,TRUE
8,TRUE
84,TRUE
2,TRUE
26,TRUE
19,FALSE
22,FALSE
71,TRUE
24,TRUE
15,FALSE
73,TRUE
87,TRUE
68,TRUE
63,TRUE
15,TRUE
70,FALSE
57,TRUE
69,TRUE
48,TRUE
57,FALSE
20,TRUE
16,FALSE
16,TRUE
52,TRUE
30,TRUE
82,TRUE
48,TRUE
27,TRUE
9,TRUE
24,TRUE
67,TRUE
19,FALSE
37,TRUE
100,TRUE
44,FALSE
48,TRUE
85,FALSE
6,TRUE
95,TRUE
100,FALSE
1,FALSE
70,FALSE
9,FALSE
37,FALSE
3,TRUE
53,FALSE
45,FALSE
94,TRUE
93,FALSE
63,FALSE
30,FALSE
68,FALSE
54,TRUE
37,TRUE
83,TRUE
6,FALSE
9,TRUE
61,TRUE
68,TRUE
28,TRUE
76,FALSE
63,TRUE
60,TRUE
9,FALSE
67,FALSE
66,TRUE
55,FALSE
80,TRUE
9,FALSE
28,TRUE
73,TRUE
75,FALSE
69,TRUE
5,FALSE
25,FALSE
22,FALSE
36,TRUE
66,TRUE
23,FALSE
20,FALSE
51,TRUE
42,FALSE
41,FALSE
45,TRUE
56,FALSE
6,FALSE
93,TRUE
92,TRUE
83,TRUE
58,TRUE
53,TRUE
54,FALSE
59,TRUE
83,FALSE
44,FALSE
46,FALSE
21,TRUE
48,TRUE
3,FALSE
66,FALSE
25,TRUE
97,FALSE
84,FALSE
51,TRUE
10,TRUE
67,FALSE
27,TRUE
26,TRUE
17,FALSE
38,FALSE
33,FALSE
4,TRUE
93,FALSE
10,FALSE
9,TRUE
43,FALSE
64,FALSE
72,TRUE
51,FALSE
96,TRUE
99,FALSE
70,FALSE
92,FALSE
85,TRUE
67,TRUE
6,TRUE
54,TRUE
40,FALSE
14,TRUE
2,FALSE
50,FALSE
93,FALSE
57,FALSE
39,TRUE
74,TRUE
83,TRUE
75,FALSE
17,TRUE
96,TRUE
77,FALSE
12,FALSE
20,TRUE
33,FALSE
19,FALSE
14,FALSE
70,TRUE
3,FALSE
48,TRUE
5,FALSE
47,FALSE
83,TRUE
17,FALSE
70,FALSE
96,FALSE
72,FALSE
25,TRUE
43,FALSE
24,FALSE
34,FALSE
90,TRUE
48,TRUE
30,TRUE
87,TRUE
43,TRUE
91,TRUE
79,FALSE
84,FALSE
29,TRUE
3,TRUE
15,TRUE
32,TRUE
4,FALSE
83,TRUE
63,TRUE
79,TRUE
72,TRUE
56,TRUE
83,FALSE
73,TRUE
50,TRUE
63,TRUE
100,TRUE
62,TRUE
22,TRUE
11,TRUE
61,TRUE
9,TRUE
99,TRUE
53,TRUE
100,TRUE
6,TRUE
82,TRUE
4,FALSE
91,TRUE
29,TRUE
15,FALSE
69,TRUE
10,TRUE
16,TRUE
62,TRUE
78,TRUE
37,TRUE
66,TRUE
70,TRUE
7,TRUE
83,TRUE
42,TRUE
49,TRUE
11,TRUE
100,TRUE
4,TRUE
100,FALSE
24,TRUE
42,TRUE
21,FALSE
9,TRUE
10,FALSE
35,FALSE
55,TRUE
73,TRUE
75,TRUE
43,TRUE
62,FALSE
85,FALSE
78,FALSE
35,FALSE
60,TRUE
94,TRUE
30,TRUE
58,FALSE
22,TRUE
23,TRUE
62,TRUE
62,FALSE
40,TRUE
20,FALSE
34,TRUE
99,FALSE
72,FALSE
95,FALSE
52,TRUE
57,TRUE
15,TRUE
43,FALSE
34,TRUE
88,TRUE
52,TRUE
52,TRUE
96,FALSE
43,TRUE
1,TRUE
68,TRUE
60,FALSE
50,TRUE
70,FALSE
93,FALSE
22,FALSE
10,FALSE
61,TRUE
69,FALSE
48,FALSE
92,TRUE
93,FALSE
47,TRUE
13,FALSE
64,FALSE
70,FALSE
47,FALSE
28,TRUE
62,TRUE
43,TRUE
16,FALSE
54,FALSE
33,FALSE
26,TRUE
62,FALSE
72,TRUE
9,TRUE
25,FALSE
97,TRUE
67,FALSE
26,TRUE
72,FALSE
67,FALSE
27,TRUE
46,FALSE
43,FALSE
73,FALSE
73,TRUE
81,FALSE
84,FALSE
51,TRUE
94,FALSE
79,TRUE
21,TRUE
13,FALSE
55,FALSE
31,FALSE
99,TRUE
9,FALSE
10,FALSE
68,FALSE
94,FALSE
65,FALSE
11,FALSE
93,FALSE
56,FALSE
6,FALSE
39,TRUE
25,TRUE
89,TRUE
91,FALSE
19,TRUE
34,TRUE
10,FALSE
12,TRUE
67,FALSE
47,FALSE
45,TRUE
13,FALSE
71,TRUE
2,FALSE
58,TRUE
62,TRUE
18,FALSE
53,FALSE
35,TRUE
27,TRUE
11,TRUE
16,FALSE
16,TRUE
74,FALSE
18,FALSE
42,FALSE
23,FALSE
99,FALSE
64,FALSE
75,TRUE
10,FALSE
13,FALSE
39,TRUE
94,FALSE
70,FALSE
27,FALSE
27,FALSE
2,TRUE
27,TRUE
4,FALSE
47,FALSE
86,FALSE
65,FALSE
47,FALSE
35,TRUE
12,TRUE
40,TRUE
94,TRUE
92,TRUE
74,FALSE
72,TRUE
91,FALSE
57,FALSE
17,TRUE
84,TRUE
28,TRUE
40,FALSE
70,TRUE
78,TRUE
8,TRUE
38,TRUE
38,TRUE
29,TRUE
99,TRUE
8,FALSE
62,TRUE
38,TRUE
40,TRUE
23,TRUE
61,FALSE
87,TRUE
23,FALSE
43,TRUE
80,TRUE
29,TRUE
80,TRUE
98,TRUE
23,FALSE
32,TRUE
27,TRUE
29,FALSE
100,TRUE
59,TRUE
63,TRUE
55,TRUE
33,FALSE
97,FALSE
61,TRUE
22,TRUE
97,TRUE
87,FALSE
46,TRUE
2,TRUE
34,TRUE
36,TRUE
11,TRUE
26,FALSE
13,TRUE
94,TRUE
64,TRUE
61,TRUE
95,TRUE
40,FALSE
32,TRUE
24,TRUE
47,FALSE
12,TRUE
37,FALSE
18,FALSE
93,TRUE
34,FALSE
81,FALSE
49,TRUE
80,FALSE
32,FALSE
100,TRUE
17,TRUE
75,TRUE
87,FALSE
96,TRUE
74,TRUE
92,TRUE
23,TRUE
11,FALSE
39,TRUE
68,TRUE
87,FALSE
40,FALSE
38,TRUE
18,TRUE
97,TRUE
83,FALSE
51,TRUE
58,TRUE
9,FALSE
72,TRUE
46,TRUE
78,FALSE
18,TRUE
95,FALSE
40,FALSE
61,FALSE
98,FALSE
74,TRUE
28,FALSE
35,FALSE
13,FALSE
33,FALSE
49,FALSE
49,FALSE
52,TRUE
77,FALSE
31,FALSE
51,FALSE
96,TRUE
3,FALSE
25,FALSE
71,TRUE
97,FALSE
84,TRUE
35,TRUE
13,FALSE
60,TRUE
7,FALSE
44,TRUE
17,FALSE
90,TRUE
84,FALSE
9,FALSE
48,FALSE
41,FALSE
98,FALSE
82,TRUE
56,TRUE
56,FALSE
14,TRUE
76,FALSE
32,FALSE
38,TRUE
74,TRUE
36,FALSE
94,FALSE
42,FALSE
69,FALSE
60,TRUE
75,FALSE
15,FALSE
13,FALSE
30,FALSE
87,FALSE
71,FALSE
10,FALSE
14,FALSE
95,FALSE
27,FALSE
3,FALSE
18,FALSE
16,FALSE
25,FALSE
55,FALSE
